file_id,repeat,fold,y_true,y_pred,p_asthma,p_bronchial,p_copd,p_healthy,p_pneumonia
asthma_v2_Bronchial_P10BronchialTc_49.wav,2,0,1,1,0.04,0.74,0.15,0.04,0.03
asthma_v2_Bronchial_P11BronchialSc_54.wav,2,0,1,4,0.23,0.26,0.08,0.16,0.27
asthma_v2_Bronchial_P11BronchialTc_55.wav,2,0,1,0,0.87,0.07,0.04,0.0,0.02
asthma_v2_Bronchial_P12BronchialTc_57.wav,2,0,1,0,0.76,0.16,0.0,0.0,0.08
asthma_v2_Bronchial_P12BronchialTc_59.wav,2,0,1,0,0.75,0.03,0.0,0.0,0.22
asthma_v2_Bronchial_P13BronchialSc_64.wav,2,0,1,0,0.4,0.31,0.05,0.06,0.18
asthma_v2_Bronchial_P14BronchialSc_68.wav,2,0,1,0,0.47,0.05,0.44,0.0,0.04
asthma_v2_Bronchial_P15BronchialSc_72.wav,2,0,1,1,0.0,0.95,0.02,0.02,0.01
asthma_v2_Bronchial_P16BronchialSc_78.wav,2,0,1,2,0.09,0.35,0.45,0.02,0.09
asthma_v2_Bronchial_P16BronchialSc_80.wav,2,0,1,1,0.1,0.54,0.17,0.02,0.17
asthma_v2_Bronchial_P17BronchialSc_84.wav,2,0,1,1,0.0,0.97,0.02,0.0,0.01
asthma_v2_Bronchial_P18BronchialSc_88.wav,2,0,1,1,0.0,0.89,0.11,0.0,0.0
asthma_v2_Bronchial_P18BronchialSc_90.wav,2,0,1,1,0.02,0.66,0.24,0.02,0.06
asthma_v2_Bronchial_P19BronchialTc_93.wav,2,0,1,1,0.03,0.72,0.24,0.0,0.01
asthma_v2_Bronchial_P1BronchialTc_1.wav,2,0,1,1,0.02,0.76,0.18,0.01,0.03
asthma_v2_Bronchial_P20BronchialSc_100.wav,2,0,1,1,0.03,0.63,0.26,0.02,0.06
asthma_v2_Bronchial_P2BronchialSc_10.wav,2,0,1,1,0.05,0.76,0.04,0.1,0.05
asthma_v2_Bronchial_P6BronchialSc_26.wav,2,0,1,1,0.01,0.83,0.1,0.03,0.03
asthma_v2_Bronchial_P6BronchialTc_29.wav,2,0,1,1,0.02,0.88,0.07,0.01,0.02
asthma_v2_Bronchial_P8BronchialSc_40.wav,2,0,1,1,0.0,0.94,0.03,0.03,0.0
asthma_v2_Bronchial_P9BronchialTc_43.wav,2,0,1,1,0.02,0.9,0.03,0.0,0.05
asthma_v2_asthma_P10AsthmaIU_46.wav,2,0,0,0,0.85,0.07,0.0,0.0,0.08
asthma_v2_asthma_P11WheezingIE_53.wav,2,0,0,0,0.59,0.08,0.12,0.06,0.15
asthma_v2_asthma_P11WheezingRL_51.wav,2,0,0,0,0.7,0.12,0.04,0.0,0.14
asthma_v2_asthma_P11WheezingRL_55.wav,2,0,0,4,0.29,0.01,0.18,0.07,0.45
asthma_v2_asthma_P11WheezingRS_52.wav,2,0,0,4,0.37,0.07,0.09,0.04,0.43
asthma_v2_asthma_P12WheezingRL_59.wav,2,0,0,0,0.76,0.03,0.06,0.01,0.14
asthma_v2_asthma_P14WheezingRS_68.wav,2,0,0,0,0.82,0.0,0.0,0.0,0.18
asthma_v2_asthma_P15WheezingRS_72.wav,2,0,0,0,0.75,0.02,0.01,0.0,0.22
asthma_v2_asthma_P18WheezingRS_88.wav,2,0,0,0,0.48,0.08,0.1,0.17,0.17
asthma_v2_asthma_P19WheezingRL_95.wav,2,0,0,0,0.93,0.02,0.02,0.01,0.02
asthma_v2_asthma_P1AsthmaIE_1.wav,2,0,0,0,0.73,0.0,0.07,0.0,0.2
asthma_v2_asthma_P1AsthmaRS_4.wav,2,0,0,0,0.81,0.05,0.01,0.0,0.13
asthma_v2_asthma_P20WheezingIU_98.wav,2,0,0,0,0.41,0.05,0.21,0.2,0.13
asthma_v2_asthma_P21WheezingIE_101.wav,2,0,0,0,0.55,0.06,0.05,0.12,0.22
asthma_v2_asthma_P23WheezingRL_111.wav,2,0,0,0,0.93,0.02,0.03,0.0,0.02
asthma_v2_asthma_P24WheezingIE_117.wav,2,0,0,0,0.7,0.01,0.17,0.03,0.09
asthma_v2_asthma_P26WheezingIU_126.wav,2,0,0,0,0.31,0.11,0.21,0.24,0.13
asthma_v2_asthma_P26WheezingIU_130.wav,2,0,0,0,0.62,0.06,0.11,0.03,0.18
asthma_v2_asthma_P27WheezingIU_134.wav,2,0,0,0,0.57,0.13,0.06,0.04,0.2
asthma_v2_asthma_P28WheezingRS_136.wav,2,0,0,0,0.38,0.14,0.15,0.16,0.17
asthma_v2_asthma_P29WheezingIU_142.wav,2,0,0,0,0.32,0.14,0.26,0.1,0.18
asthma_v2_asthma_P2AsthmaRS_8.wav,2,0,0,0,0.9,0.03,0.0,0.01,0.06
asthma_v2_asthma_P31WheezingRL_151.wav,2,0,0,4,0.34,0.05,0.2,0.02,0.39
asthma_v2_asthma_P31WheezingRS_152.wav,2,0,0,0,0.37,0.09,0.06,0.23,0.25
asthma_v2_asthma_P33WheezingIE_165.wav,2,0,0,0,0.66,0.12,0.13,0.01,0.08
asthma_v2_asthma_P33WheezingIU_162.wav,2,0,0,0,0.63,0.01,0.08,0.02,0.26
asthma_v2_asthma_P36WheezingRS_176.wav,2,0,0,0,0.69,0.04,0.22,0.0,0.05
asthma_v2_asthma_P37WheezingIU_182.wav,2,0,0,0,0.96,0.02,0.02,0.0,0.0
asthma_v2_asthma_P38WheezingIE_189.wav,2,0,0,0,0.72,0.06,0.17,0.03,0.02
asthma_v2_asthma_P38WheezingIU_186.wav,2,0,0,0,0.71,0.04,0.12,0.01,0.12
asthma_v2_asthma_P39WheezingRS_192.wav,2,0,0,0,0.76,0.06,0.14,0.01,0.03
asthma_v2_asthma_P40WheezingRS_196.wav,2,0,0,0,0.75,0.08,0.15,0.0,0.02
asthma_v2_asthma_P41WheezingIE_205.wav,2,0,0,0,0.76,0.0,0.11,0.0,0.13
asthma_v2_asthma_P41WheezingRS_204.wav,2,0,0,0,0.67,0.04,0.16,0.0,0.13
asthma_v2_asthma_P44WheezingIE_217.wav,2,0,0,0,0.71,0.03,0.12,0.01,0.13
asthma_v2_asthma_P44WheezingRS_216.wav,2,0,0,0,0.46,0.1,0.3,0.07,0.07
asthma_v2_asthma_P46WheezingIE_229.wav,2,0,0,0,0.67,0.12,0.14,0.02,0.05
asthma_v2_asthma_P49WheezingIE_241.wav,2,0,0,0,0.76,0.02,0.05,0.01,0.16
asthma_v2_asthma_P4AsthmaRL_19.wav,2,0,0,0,0.82,0.09,0.03,0.0,0.06
asthma_v2_asthma_P4AsthmaRS_16.wav,2,0,0,0,0.82,0.04,0.01,0.0,0.13
asthma_v2_asthma_P50WheezingIE_249.wav,2,0,0,0,0.83,0.01,0.03,0.02,0.11
asthma_v2_asthma_P50WheezingRL_247.wav,2,0,0,0,0.77,0.03,0.04,0.02,0.14
asthma_v2_asthma_P50WheezingRS_248.wav,2,0,0,0,0.67,0.04,0.07,0.0,0.22
asthma_v2_asthma_P51WheezingIE_253.wav,2,0,0,0,0.55,0.01,0.24,0.0,0.2
asthma_v2_asthma_P51WheezingIU_254.wav,2,0,0,0,0.77,0.1,0.07,0.0,0.06
asthma_v2_asthma_P51WheezingRL_251.wav,2,0,0,0,0.56,0.0,0.22,0.03,0.19
asthma_v2_asthma_P51WheezingRS_252.wav,2,0,0,0,0.54,0.01,0.32,0.01,0.12
asthma_v2_asthma_P52WheezingIU_258.wav,2,0,0,0,0.86,0.0,0.1,0.01,0.03
asthma_v2_asthma_P54WheezingRS_268.wav,2,0,0,0,0.36,0.07,0.08,0.18,0.31
asthma_v2_asthma_P56WheezingIE_277.wav,2,0,0,4,0.3,0.0,0.02,0.03,0.65
asthma_v2_asthma_P56WheezingRL_279.wav,2,0,0,0,0.44,0.08,0.27,0.02,0.19
asthma_v2_asthma_P57WheezingRL_283.wav,2,0,0,4,0.33,0.03,0.11,0.06,0.47
asthma_v2_asthma_P5AsthmaIE_21.wav,2,0,0,0,0.93,0.02,0.02,0.0,0.03
asthma_v2_asthma_P5AsthmaIE_25.wav,2,0,0,0,0.62,0.01,0.04,0.07,0.26
asthma_v2_asthma_P6AsthmaRS_28.wav,2,0,0,0,0.72,0.01,0.01,0.0,0.26
asthma_v2_asthma_P8AsthmaIU_38.wav,2,0,0,0,0.58,0.08,0.07,0.07,0.2
asthma_v2_asthma_P8AsthmaRL_39.wav,2,0,0,0,0.69,0.02,0.01,0.0,0.28
asthma_v2_asthma_P9AsthmaRS_44.wav,2,0,0,0,0.88,0.06,0.02,0.0,0.04
asthma_v2_copd_P10COPDMc_80.wav,2,0,2,0,0.76,0.0,0.22,0.0,0.02
asthma_v2_copd_P10COPDPr_73.wav,2,0,2,0,0.47,0.14,0.19,0.03,0.17
asthma_v2_copd_P11COPDMc_84.wav,2,0,2,2,0.14,0.03,0.78,0.0,0.05
asthma_v2_copd_P11COPDMc_86.wav,2,0,2,0,0.3,0.1,0.3,0.1,0.2
asthma_v2_copd_P11COPDPr_83.wav,2,0,2,2,0.18,0.04,0.67,0.02,0.09
asthma_v2_copd_P12COPDMc_94.wav,2,0,2,2,0.15,0.05,0.73,0.01,0.06
asthma_v2_copd_P12COPDMc_96.wav,2,0,2,2,0.0,0.04,0.87,0.06,0.03
asthma_v2_copd_P13COPDMc_102.wav,2,0,2,2,0.15,0.01,0.74,0.01,0.09
asthma_v2_copd_P14COPDPr_109.wav,2,0,2,2,0.13,0.03,0.56,0.01,0.27
asthma_v2_copd_P14COPDPr_111.wav,2,0,2,0,0.43,0.03,0.31,0.02,0.21
asthma_v2_copd_P15COPDMc_116.wav,2,0,2,2,0.24,0.0,0.75,0.01,0.0
asthma_v2_copd_P15COPDMc_120.wav,2,0,2,2,0.3,0.1,0.51,0.05,0.04
asthma_v2_copd_P15COPDPr_115.wav,2,0,2,0,0.52,0.0,0.43,0.0,0.05
asthma_v2_copd_P16COPDMc_124.wav,2,0,2,2,0.0,0.01,0.99,0.0,0.0
asthma_v2_copd_P17COPDMc_130.wav,2,0,2,2,0.02,0.02,0.87,0.04,0.05
asthma_v2_copd_P17COPDMc_132.wav,2,0,2,2,0.01,0.0,0.99,0.0,0.0
asthma_v2_copd_P17COPDPr_131.wav,2,0,2,2,0.06,0.01,0.77,0.06,0.1
asthma_v2_copd_P1COPDMc_2.wav,2,0,2,0,0.53,0.07,0.35,0.03,0.02
asthma_v2_copd_P1COPDPr_1.wav,2,0,2,0,0.66,0.03,0.26,0.0,0.05
asthma_v2_copd_P1COPDPr_7.wav,2,0,2,2,0.01,0.02,0.93,0.01,0.03
asthma_v2_copd_P20COPDMc_160.wav,2,0,2,2,0.04,0.0,0.94,0.01,0.01
asthma_v2_copd_P20COPDPr_153.wav,2,0,2,2,0.02,0.02,0.87,0.03,0.06
asthma_v2_copd_P21COPDMc_168.wav,2,0,2,2,0.04,0.0,0.88,0.04,0.04
asthma_v2_copd_P22COPDMc_170.wav,2,0,2,2,0.09,0.0,0.84,0.01,0.06
asthma_v2_copd_P22COPDPr_175.wav,2,0,2,2,0.04,0.0,0.76,0.13,0.07
asthma_v2_copd_P24COPDMc_192.wav,2,0,2,2,0.04,0.01,0.92,0.02,0.01
asthma_v2_copd_P26COPDPr_203.wav,2,0,2,2,0.0,0.0,1.0,0.0,0.0
asthma_v2_copd_P26COPDPr_207.wav,2,0,2,2,0.03,0.0,0.93,0.02,0.02
asthma_v2_copd_P27COPDMc_216.wav,2,0,2,2,0.0,0.01,0.98,0.0,0.01
asthma_v2_copd_P28COPDMc_220.wav,2,0,2,2,0.02,0.01,0.94,0.02,0.01
asthma_v2_copd_P28COPDPr_223.wav,2,0,2,2,0.0,0.01,0.96,0.01,0.02
asthma_v2_copd_P29COPDMc_228.wav,2,0,2,2,0.0,0.0,1.0,0.0,0.0
asthma_v2_copd_P2COPDPr_15.wav,2,0,2,2,0.19,0.0,0.76,0.02,0.03
asthma_v2_copd_P2COPDPr_9.wav,2,0,2,2,0.02,0.0,0.89,0.04,0.05
asthma_v2_copd_P31COPDMc_248.wav,2,0,2,2,0.27,0.01,0.58,0.01,0.13
asthma_v2_copd_P32COPDMc_252.wav,2,0,2,2,0.12,0.01,0.64,0.01,0.22
asthma_v2_copd_P33COPDPr_263.wav,2,0,2,2,0.01,0.15,0.8,0.02,0.02
asthma_v2_copd_P34COPDMc_266.wav,2,0,2,2,0.04,0.22,0.67,0.0,0.07
asthma_v2_copd_P34COPDPr_267.wav,2,0,2,2,0.01,0.22,0.74,0.0,0.03
asthma_v2_copd_P35COPDMc_278.wav,2,0,2,2,0.02,0.04,0.91,0.02,0.01
asthma_v2_copd_P35COPDPr_273.wav,2,0,2,2,0.01,0.02,0.91,0.0,0.06
asthma_v2_copd_P35COPDPr_275.wav,2,0,2,2,0.04,0.08,0.79,0.03,0.06
asthma_v2_copd_P36COPDMc_284.wav,2,0,2,2,0.02,0.04,0.83,0.02,0.09
asthma_v2_copd_P36COPDMc_286.wav,2,0,2,2,0.02,0.0,0.95,0.0,0.03
asthma_v2_copd_P37COPDMc_290.wav,2,0,2,2,0.04,0.16,0.71,0.01,0.08
asthma_v2_copd_P37COPDPr_293.wav,2,0,2,2,0.03,0.0,0.93,0.0,0.04
asthma_v2_copd_P38COPDMc_302.wav,2,0,2,2,0.07,0.0,0.82,0.03,0.08
asthma_v2_copd_P38COPDPr_297.wav,2,0,2,2,0.09,0.03,0.76,0.02,0.1
asthma_v2_copd_P38COPDPr_301.wav,2,0,2,2,0.1,0.02,0.84,0.01,0.03
asthma_v2_copd_P39COPDMc_312.wav,2,0,2,2,0.08,0.06,0.63,0.06,0.17
asthma_v2_copd_P3COPDPr_19.wav,2,0,2,2,0.06,0.01,0.9,0.02,0.01
asthma_v2_copd_P40COPDPr_315.wav,2,0,2,2,0.0,0.0,0.98,0.01,0.01
asthma_v2_copd_P41COPDPr_321.wav,2,0,2,2,0.02,0.0,0.9,0.0,0.08
asthma_v2_copd_P41COPDPr_325.wav,2,0,2,2,0.05,0.0,0.93,0.01,0.01
asthma_v2_copd_P42COPDMc_330.wav,2,0,2,2,0.01,0.03,0.87,0.03,0.06
asthma_v2_copd_P42COPDPr_333.wav,2,0,2,2,0.01,0.0,0.95,0.01,0.03
asthma_v2_copd_P43COPDMc_340.wav,2,0,2,2,0.0,0.02,0.98,0.0,0.0
asthma_v2_copd_P43COPDPr_337.wav,2,0,2,2,0.02,0.01,0.94,0.02,0.01
asthma_v2_copd_P44COPDMc_348.wav,2,0,2,2,0.1,0.05,0.67,0.03,0.15
asthma_v2_copd_P44COPDMc_350.wav,2,0,2,2,0.01,0.07,0.8,0.07,0.05
asthma_v2_copd_P47COPDMc_376.wav,2,0,2,2,0.04,0.02,0.8,0.05,0.09
asthma_v2_copd_P47COPDPr_369.wav,2,0,2,2,0.2,0.05,0.51,0.04,0.2
asthma_v2_copd_P47COPDPr_373.wav,2,0,2,2,0.05,0.0,0.8,0.09,0.06
asthma_v2_copd_P48COPDMc_382.wav,2,0,2,2,0.02,0.02,0.79,0.05,0.12
asthma_v2_copd_P48COPDPr_383.wav,2,0,2,2,0.02,0.02,0.74,0.11,0.11
asthma_v2_copd_P50COPDMc_396.wav,2,0,2,2,0.09,0.02,0.79,0.04,0.06
asthma_v2_copd_P50COPDPr_393.wav,2,0,2,2,0.04,0.01,0.93,0.02,0.0
asthma_v2_copd_P50COPDPr_395.wav,2,0,2,2,0.04,0.0,0.92,0.03,0.01
asthma_v2_copd_P5COPDMc_40.wav,2,0,2,2,0.03,0.02,0.78,0.05,0.12
asthma_v2_copd_P5COPDPr_35.wav,2,0,2,2,0.09,0.02,0.7,0.11,0.08
asthma_v2_copd_P6COPDMc_44.wav,2,0,2,2,0.05,0.0,0.77,0.05,0.13
asthma_v2_copd_P6COPDMc_46.wav,2,0,2,2,0.07,0.01,0.82,0.02,0.08
asthma_v2_copd_P6COPDPr_43.wav,2,0,2,2,0.05,0.0,0.89,0.03,0.03
asthma_v2_copd_P7COPDMc_52.wav,2,0,2,2,0.07,0.0,0.73,0.04,0.16
asthma_v2_copd_P7COPDPr_49.wav,2,0,2,2,0.05,0.0,0.87,0.05,0.03
asthma_v2_copd_P7COPDPr_53.wav,2,0,2,2,0.05,0.0,0.85,0.05,0.05
asthma_v2_copd_P8COPDMc_58.wav,2,0,2,2,0.0,0.01,0.92,0.03,0.04
asthma_v2_copd_P8COPDMc_62.wav,2,0,2,2,0.02,0.0,0.97,0.0,0.01
asthma_v2_copd_P8COPDMc_64.wav,2,0,2,2,0.01,0.01,0.94,0.02,0.02
asthma_v2_copd_P8COPDPr_63.wav,2,0,2,2,0.0,0.0,1.0,0.0,0.0
asthma_v2_healthy_P10Healthy10S.wav,2,0,3,0,0.38,0.04,0.03,0.21,0.34
asthma_v2_healthy_P10Healthy93S.wav,2,0,3,4,0.29,0.01,0.04,0.2,0.46
asthma_v2_healthy_P11Healthy30S.wav,2,0,3,3,0.03,0.1,0.3,0.53,0.04
asthma_v2_healthy_P11Healthy73S.wav,2,0,3,3,0.05,0.09,0.18,0.66,0.02
asthma_v2_healthy_P12Healthy16S.wav,2,0,3,3,0.07,0.04,0.11,0.66,0.12
asthma_v2_healthy_P13Healthy28S.wav,2,0,3,3,0.1,0.02,0.18,0.52,0.18
asthma_v2_healthy_P13Healthy42S.wav,2,0,3,3,0.05,0.06,0.27,0.51,0.11
asthma_v2_healthy_P13Healthy53S.wav,2,0,3,3,0.09,0.08,0.17,0.6,0.06
asthma_v2_healthy_P13Healthy69S.wav,2,0,3,3,0.14,0.07,0.22,0.36,0.21
asthma_v2_healthy_P14Healthy89S.wav,2,0,3,3,0.1,0.1,0.08,0.61,0.11
asthma_v2_healthy_P15Healthy55S.wav,2,0,3,3,0.03,0.16,0.16,0.59,0.06
asthma_v2_healthy_P17Healthy35S.wav,2,0,3,3,0.08,0.01,0.07,0.49,0.35
asthma_v2_healthy_P18Healthy79S.wav,2,0,3,3,0.1,0.0,0.31,0.49,0.1
asthma_v2_healthy_P19Healthy47S.wav,2,0,3,3,0.22,0.2,0.12,0.29,0.17
asthma_v2_healthy_P19Healthy50S.wav,2,0,3,3,0.09,0.01,0.02,0.8,0.08
asthma_v2_healthy_P1Healthy55S.wav,2,0,3,3,0.05,0.01,0.12,0.69,0.13
asthma_v2_healthy_P20Healthy84S.wav,2,0,3,0,0.41,0.14,0.1,0.12,0.23
asthma_v2_healthy_P21Healthy53S.wav,2,0,3,3,0.22,0.02,0.18,0.4,0.18
asthma_v2_healthy_P22Healthy36S.wav,2,0,3,3,0.05,0.0,0.13,0.63,0.19
asthma_v2_healthy_P23Healthy97S.wav,2,0,3,3,0.01,0.0,0.01,0.92,0.06
asthma_v2_healthy_P3Healthy84S.wav,2,0,3,3,0.04,0.04,0.06,0.78,0.08
asthma_v2_healthy_P4Healthy69S.wav,2,0,3,4,0.15,0.05,0.27,0.24,0.29
asthma_v2_healthy_P6Healthy51S.wav,2,0,3,4,0.18,0.01,0.18,0.2,0.43
asthma_v2_healthy_P7Healthy39S.wav,2,0,3,3,0.22,0.04,0.25,0.37,0.12
asthma_v2_healthy_P7Healthy84S.wav,2,0,3,4,0.1,0.01,0.19,0.29,0.41
asthma_v2_healthy_P7Healthy85S.wav,2,0,3,4,0.2,0.04,0.26,0.23,0.27
asthma_v2_healthy_P8Healthy82S.wav,2,0,3,3,0.02,0.13,0.21,0.56,0.08
asthma_v2_pneumonia_P11Pneumonia41N.wav,2,0,4,4,0.09,0.0,0.04,0.12,0.75
asthma_v2_pneumonia_P13Pneumonia60R.wav,2,0,4,4,0.13,0.0,0.06,0.08,0.73
asthma_v2_pneumonia_P14Pneumonia22X.wav,2,0,4,3,0.1,0.0,0.06,0.54,0.3
asthma_v2_pneumonia_P14Pneumonia40M.wav,2,0,4,3,0.22,0.03,0.06,0.44,0.25
asthma_v2_pneumonia_P14Pneumonia73T.wav,2,0,4,4,0.2,0.01,0.09,0.0,0.7
asthma_v2_pneumonia_P15Pneumonia58S.wav,2,0,4,4,0.02,0.01,0.01,0.0,0.96
asthma_v2_pneumonia_P16Pneumonia18Z.wav,2,0,4,4,0.04,0.0,0.02,0.02,0.92
asthma_v2_pneumonia_P16Pneumonia66X.wav,2,0,4,4,0.05,0.01,0.05,0.04,0.85
asthma_v2_pneumonia_P18Pneumonia16E.wav,2,0,4,4,0.0,0.02,0.0,0.02,0.96
asthma_v2_pneumonia_P18Pneumonia84N.wav,2,0,4,4,0.0,0.0,0.0,0.0,1.0
asthma_v2_pneumonia_P19Pneumonia33O.wav,2,0,4,4,0.0,0.0,0.0,0.0,1.0
asthma_v2_pneumonia_P19Pneumonia39Z.wav,2,0,4,4,0.0,0.0,0.0,0.0,1.0
asthma_v2_pneumonia_P19Pneumonia41U.wav,2,0,4,4,0.17,0.04,0.02,0.02,0.75
asthma_v2_pneumonia_P19Pneumonia75B.wav,2,0,4,4,0.03,0.01,0.0,0.04,0.92
asthma_v2_pneumonia_P21Pneumonia24G.wav,2,0,4,4,0.11,0.01,0.12,0.25,0.51
asthma_v2_pneumonia_P21Pneumonia69Q.wav,2,0,4,4,0.01,0.0,0.0,0.0,0.99
asthma_v2_pneumonia_P23Pneumonia60Y.wav,2,0,4,4,0.21,0.01,0.06,0.02,0.7
asthma_v2_pneumonia_P25Pneumonia11Z.wav,2,0,4,4,0.09,0.06,0.09,0.34,0.42
asthma_v2_pneumonia_P25Pneumonia93N.wav,2,0,4,3,0.13,0.02,0.08,0.39,0.38
asthma_v2_pneumonia_P26Pneumonia83Z.wav,2,0,4,4,0.13,0.01,0.07,0.1,0.69
asthma_v2_pneumonia_P27Pneumonia62C.wav,2,0,4,4,0.11,0.03,0.01,0.0,0.85
asthma_v2_pneumonia_P28Pneumonia22W.wav,2,0,4,4,0.13,0.1,0.08,0.02,0.67
asthma_v2_pneumonia_P28Pneumonia65J.wav,2,0,4,4,0.2,0.07,0.05,0.03,0.65
asthma_v2_pneumonia_P29Pneumonia82U.wav,2,0,4,4,0.01,0.0,0.02,0.0,0.97
asthma_v2_pneumonia_P2Pneumonia36Z.wav,2,0,4,4,0.01,0.01,0.01,0.02,0.95
asthma_v2_pneumonia_P30Pneumonia15J.wav,2,0,4,4,0.04,0.0,0.01,0.0,0.95
asthma_v2_pneumonia_P31Pneumonia47J.wav,2,0,4,4,0.02,0.0,0.0,0.0,0.98
asthma_v2_pneumonia_P31Pneumonia92I.wav,2,0,4,4,0.08,0.0,0.02,0.02,0.88
asthma_v2_pneumonia_P32Pneumonia66M.wav,2,0,4,4,0.02,0.0,0.0,0.01,0.97
asthma_v2_pneumonia_P33Pneumonia74T.wav,2,0,4,4,0.0,0.0,0.01,0.03,0.96
asthma_v2_pneumonia_P33Pneumonia94C.wav,2,0,4,4,0.03,0.0,0.0,0.0,0.97
asthma_v2_pneumonia_P34Pneumonia66M.wav,2,0,4,4,0.09,0.02,0.06,0.0,0.83
asthma_v2_pneumonia_P38Pneumonia34H.wav,2,0,4,0,0.61,0.01,0.06,0.0,0.32
asthma_v2_pneumonia_P39Pneumonia85Q.wav,2,0,4,4,0.23,0.04,0.1,0.01,0.62
asthma_v2_pneumonia_P3Pneumonia41L.wav,2,0,4,4,0.06,0.0,0.02,0.01,0.91
asthma_v2_pneumonia_P3Pneumonia54K.wav,2,0,4,4,0.09,0.0,0.03,0.01,0.87
asthma_v2_pneumonia_P3Pneumonia61R.wav,2,0,4,4,0.05,0.0,0.15,0.21,0.59
asthma_v2_pneumonia_P3Pneumonia74F.wav,2,0,4,4,0.17,0.06,0.09,0.11,0.57
asthma_v2_pneumonia_P40Pneumonia90Y.wav,2,0,4,0,0.56,0.04,0.07,0.0,0.33
asthma_v2_pneumonia_P40Pneumonia91V.wav,2,0,4,4,0.34,0.05,0.11,0.02,0.48
asthma_v2_pneumonia_P42Pneumonia47W.wav,2,0,4,0,0.59,0.05,0.13,0.06,0.17
asthma_v2_pneumonia_P42Pneumonia63L.wav,2,0,4,0,0.65,0.02,0.1,0.03,0.2
asthma_v2_pneumonia_P42Pneumonia67F.wav,2,0,4,0,0.59,0.01,0.23,0.05,0.12
asthma_v2_pneumonia_P42Pneumonia69S.wav,2,0,4,0,0.71,0.02,0.05,0.04,0.18
asthma_v2_pneumonia_P44Pneumonia59U.wav,2,0,4,4,0.1,0.1,0.08,0.19,0.53
asthma_v2_pneumonia_P45Pneumonia10J.wav,2,0,4,4,0.2,0.03,0.06,0.21,0.5
asthma_v2_pneumonia_P45Pneumonia29L.wav,2,0,4,4,0.19,0.0,0.12,0.06,0.63
asthma_v2_pneumonia_P45Pneumonia59I.wav,2,0,4,4,0.1,0.0,0.17,0.07,0.66
asthma_v2_pneumonia_P46Pneumonia49D.wav,2,0,4,4,0.26,0.02,0.09,0.11,0.52
asthma_v2_pneumonia_P46Pneumonia95A.wav,2,0,4,4,0.05,0.0,0.1,0.12,0.73
asthma_v2_pneumonia_P47Pneumonia14M.wav,2,0,4,4,0.14,0.11,0.09,0.08,0.58
asthma_v2_pneumonia_P47Pneumonia24N.wav,2,0,4,4,0.09,0.01,0.19,0.03,0.68
asthma_v2_pneumonia_P5Pneumonia38U.wav,2,0,4,4,0.04,0.03,0.28,0.22,0.43
asthma_v2_pneumonia_P7Pneumonia22X.wav,2,0,4,4,0.04,0.0,0.12,0.21,0.63
asthma_v2_pneumonia_P8Pneumonia16Z.wav,2,0,4,4,0.04,0.02,0.09,0.33,0.52
asthma_v2_pneumonia_P9Pneumonia31T.wav,2,0,4,4,0.2,0.03,0.18,0.07,0.52
asthma_v2_pneumonia_P9Pneumonia67I.wav,2,0,4,4,0.08,0.0,0.06,0.13,0.73
asthma_v2_Bronchial_P10BronchialSc_48.wav,2,1,1,1,0.06,0.48,0.36,0.04,0.06
asthma_v2_Bronchial_P10BronchialTc_47.wav,2,1,1,1,0.03,0.49,0.37,0.03,0.08
asthma_v2_Bronchial_P11BronchialSc_52.wav,2,1,1,4,0.34,0.12,0.14,0.03,0.37
asthma_v2_Bronchial_P11BronchialTc_51.wav,2,1,1,1,0.01,0.77,0.16,0.04,0.02
asthma_v2_Bronchial_P11BronchialTc_53.wav,2,1,1,4,0.17,0.23,0.07,0.2,0.33
asthma_v2_Bronchial_P13BronchialSc_62.wav,2,1,1,0,0.73,0.06,0.05,0.06,0.1
asthma_v2_Bronchial_P13BronchialTc_61.wav,2,1,1,0,0.71,0.06,0.07,0.07,0.09
asthma_v2_Bronchial_P14BronchialSc_66.wav,2,1,1,0,0.5,0.34,0.09,0.02,0.05
asthma_v2_Bronchial_P15BronchialSc_74.wav,2,1,1,1,0.02,0.67,0.21,0.02,0.08
asthma_v2_Bronchial_P16BronchialTc_79.wav,2,1,1,1,0.06,0.79,0.08,0.01,0.06
asthma_v2_Bronchial_P19BronchialTc_91.wav,2,1,1,1,0.03,0.68,0.22,0.02,0.05
asthma_v2_Bronchial_P19BronchialTc_95.wav,2,1,1,1,0.01,0.85,0.12,0.02,0.0
asthma_v2_Bronchial_P20BronchialTc_99.wav,2,1,1,1,0.08,0.51,0.21,0.16,0.04
asthma_v2_Bronchial_P5BronchialSc_24.wav,2,1,1,1,0.04,0.72,0.2,0.01,0.03
asthma_v2_Bronchial_P5BronchialTc_21.wav,2,1,1,1,0.05,0.78,0.06,0.08,0.03
asthma_v2_Bronchial_P6BronchialSc_30.wav,2,1,1,1,0.03,0.94,0.0,0.02,0.01
asthma_v2_Bronchial_P6BronchialTc_27.wav,2,1,1,1,0.0,0.93,0.04,0.03,0.0
asthma_v2_Bronchial_P7BronchialSc_32.wav,2,1,1,1,0.0,0.95,0.01,0.02,0.02
asthma_v2_Bronchial_P8BronchialSc_38.wav,2,1,1,1,0.01,0.94,0.02,0.02,0.01
asthma_v2_Bronchial_P9BronchialSc_44.wav,2,1,1,1,0.01,0.87,0.03,0.06,0.03
asthma_v2_Bronchial_P9BronchialTc_45.wav,2,1,1,1,0.02,0.91,0.06,0.0,0.01
asthma_v2_asthma_P12WheezingRS_56.wav,2,1,0,0,0.63,0.03,0.11,0.03,0.2
asthma_v2_asthma_P12WheezingRS_60.wav,2,1,0,0,0.68,0.19,0.01,0.03,0.09
asthma_v2_asthma_P13WheezingIE_65.wav,2,1,0,0,0.69,0.07,0.01,0.0,0.23
asthma_v2_asthma_P13WheezingIU_62.wav,2,1,0,0,0.81,0.11,0.02,0.0,0.06
asthma_v2_asthma_P19WheezingIU_94.wav,2,1,0,0,0.66,0.01,0.18,0.0,0.15
asthma_v2_asthma_P20WheezingRL_99.wav,2,1,0,0,0.63,0.03,0.02,0.14,0.18
asthma_v2_asthma_P20WheezingRS_100.wav,2,1,0,0,0.49,0.06,0.06,0.18,0.21
asthma_v2_asthma_P22WheezingIU_110.wav,2,1,0,0,0.84,0.01,0.03,0.01,0.11
asthma_v2_asthma_P22WheezingRS_108.wav,2,1,0,0,0.42,0.06,0.18,0.12,0.22
asthma_v2_asthma_P24WheezingRS_120.wav,2,1,0,0,0.34,0.05,0.23,0.04,0.34
asthma_v2_asthma_P25WheezingIE_121.wav,2,1,0,0,0.45,0.17,0.14,0.05,0.19
asthma_v2_asthma_P25WheezingIE_125.wav,2,1,0,0,0.52,0.11,0.07,0.09,0.21
asthma_v2_asthma_P26WheezingRL_127.wav,2,1,0,0,0.43,0.05,0.21,0.09,0.22
asthma_v2_asthma_P27WheezingRL_131.wav,2,1,0,0,0.65,0.01,0.22,0.02,0.1
asthma_v2_asthma_P29WheezingIE_141.wav,2,1,0,0,0.51,0.09,0.12,0.04,0.24
asthma_v2_asthma_P2AsthmaIU_10.wav,2,1,0,0,0.64,0.04,0.06,0.07,0.19
asthma_v2_asthma_P2AsthmaIU_6.wav,2,1,0,0,0.54,0.11,0.15,0.08,0.12
asthma_v2_asthma_P30WheezingRS_148.wav,2,1,0,0,0.69,0.04,0.05,0.04,0.18
asthma_v2_asthma_P31WheezingIE_153.wav,2,1,0,0,0.39,0.06,0.09,0.16,0.3
asthma_v2_asthma_P31WheezingIU_154.wav,2,1,0,0,0.55,0.04,0.13,0.06,0.22
asthma_v2_asthma_P32WheezingIE_157.wav,2,1,0,0,0.61,0.04,0.04,0.08,0.23
asthma_v2_asthma_P35WheezingRL_175.wav,2,1,0,0,0.49,0.17,0.23,0.01,0.1
asthma_v2_asthma_P35WheezingRS_172.wav,2,1,0,0,0.73,0.03,0.16,0.0,0.08
asthma_v2_asthma_P36WheezingIE_177.wav,2,1,0,0,0.94,0.02,0.03,0.0,0.01
asthma_v2_asthma_P36WheezingRL_179.wav,2,1,0,0,0.67,0.09,0.14,0.02,0.08
asthma_v2_asthma_P38WheezingIU_190.wav,2,1,0,0,0.7,0.02,0.23,0.01,0.04
asthma_v2_asthma_P39WheezingIE_193.wav,2,1,0,0,0.89,0.01,0.08,0.01,0.01
asthma_v2_asthma_P3AsthmaRS_12.wav,2,1,0,0,0.87,0.01,0.01,0.01,0.1
asthma_v2_asthma_P40WheezingIE_197.wav,2,1,0,0,0.79,0.08,0.1,0.01,0.02
asthma_v2_asthma_P40WheezingIU_198.wav,2,1,0,0,0.88,0.03,0.07,0.0,0.02
asthma_v2_asthma_P40WheezingRS_200.wav,2,1,0,0,0.57,0.04,0.37,0.01,0.01
asthma_v2_asthma_P41WheezingIE_201.wav,2,1,0,0,0.78,0.03,0.12,0.01,0.06
asthma_v2_asthma_P43WheezingIE_213.wav,2,1,0,2,0.32,0.0,0.53,0.06,0.09
asthma_v2_asthma_P44WheezingRS_220.wav,2,1,0,2,0.33,0.02,0.61,0.0,0.04
asthma_v2_asthma_P45WheezingIU_222.wav,2,1,0,0,0.88,0.01,0.08,0.01,0.02
asthma_v2_asthma_P45WheezingRL_223.wav,2,1,0,0,0.55,0.04,0.36,0.0,0.05
asthma_v2_asthma_P46WheezingRL_227.wav,2,1,0,2,0.42,0.1,0.43,0.01,0.04
asthma_v2_asthma_P47WheezingIU_234.wav,2,1,0,0,0.72,0.02,0.22,0.0,0.04
asthma_v2_asthma_P48WheezingRS_240.wav,2,1,0,0,0.56,0.06,0.2,0.01,0.17
asthma_v2_asthma_P49WheezingIU_242.wav,2,1,0,0,0.78,0.04,0.07,0.0,0.11
asthma_v2_asthma_P49WheezingRL_243.wav,2,1,0,0,0.55,0.02,0.3,0.04,0.09
asthma_v2_asthma_P4AsthmaRS_20.wav,2,1,0,0,0.94,0.01,0.0,0.0,0.05
asthma_v2_asthma_P53WheezingIU_262.wav,2,1,0,0,0.87,0.12,0.0,0.0,0.01
asthma_v2_asthma_P53WheezingRL_263.wav,2,1,0,4,0.18,0.21,0.14,0.05,0.42
asthma_v2_asthma_P54WheezingIU_266.wav,2,1,0,4,0.29,0.04,0.07,0.28,0.32
asthma_v2_asthma_P55WheezingIU_274.wav,2,1,0,4,0.17,0.0,0.1,0.34,0.39
asthma_v2_asthma_P55WheezingRL_271.wav,2,1,0,3,0.28,0.06,0.08,0.31,0.27
asthma_v2_asthma_P55WheezingRL_275.wav,2,1,0,4,0.37,0.02,0.09,0.08,0.44
asthma_v2_asthma_P55WheezingRS_272.wav,2,1,0,4,0.09,0.0,0.16,0.28,0.47
asthma_v2_asthma_P56WheezingIU_278.wav,2,1,0,4,0.26,0.02,0.06,0.02,0.64
asthma_v2_asthma_P57WheezingRS_284.wav,2,1,0,0,0.36,0.07,0.14,0.1,0.33
asthma_v2_asthma_P58WheezingIU_286.wav,2,1,0,4,0.39,0.0,0.06,0.13,0.42
asthma_v2_asthma_P58WheezingRS_288.wav,2,1,0,4,0.3,0.01,0.06,0.16,0.47
asthma_v2_asthma_P7AsthmaIE_33.wav,2,1,0,0,0.56,0.05,0.02,0.02,0.35
asthma_v2_asthma_P7AsthmaIU_34.wav,2,1,0,0,0.77,0.03,0.03,0.0,0.17
asthma_v2_asthma_P7AsthmaRL_31.wav,2,1,0,0,0.45,0.0,0.11,0.05,0.39
asthma_v2_asthma_P7AsthmaRL_35.wav,2,1,0,0,0.78,0.06,0.0,0.0,0.16
asthma_v2_asthma_P8AsthmaIE_37.wav,2,1,0,0,0.64,0.05,0.04,0.06,0.21
asthma_v2_copd_P10COPDMc_74.wav,2,1,2,0,0.41,0.11,0.26,0.08,0.14
asthma_v2_copd_P10COPDPr_75.wav,2,1,2,2,0.22,0.07,0.5,0.1,0.11
asthma_v2_copd_P12COPDMc_92.wav,2,1,2,2,0.11,0.03,0.83,0.0,0.03
asthma_v2_copd_P13COPDMc_100.wav,2,1,2,2,0.08,0.05,0.61,0.15,0.11
asthma_v2_copd_P13COPDMc_98.wav,2,1,2,2,0.07,0.03,0.54,0.22,0.14
asthma_v2_copd_P15COPDMc_114.wav,2,1,2,2,0.35,0.1,0.38,0.15,0.02
asthma_v2_copd_P15COPDPr_119.wav,2,1,2,2,0.18,0.01,0.66,0.04,0.11
asthma_v2_copd_P16COPDMc_122.wav,2,1,2,2,0.0,0.0,0.99,0.01,0.0
asthma_v2_copd_P16COPDPr_121.wav,2,1,2,2,0.01,0.0,0.99,0.0,0.0
asthma_v2_copd_P17COPDPr_129.wav,2,1,2,2,0.04,0.01,0.94,0.01,0.0
asthma_v2_copd_P18COPDMc_140.wav,2,1,2,2,0.05,0.0,0.94,0.0,0.01
asthma_v2_copd_P18COPDPr_137.wav,2,1,2,2,0.06,0.0,0.9,0.0,0.04
asthma_v2_copd_P18COPDPr_139.wav,2,1,2,2,0.04,0.02,0.8,0.0,0.14
asthma_v2_copd_P19COPDMc_152.wav,2,1,2,2,0.01,0.01,0.95,0.01,0.02
asthma_v2_copd_P1COPDMc_8.wav,2,1,2,2,0.03,0.0,0.95,0.01,0.01
asthma_v2_copd_P1COPDPr_3.wav,2,1,2,2,0.22,0.02,0.64,0.02,0.1
asthma_v2_copd_P20COPDPr_159.wav,2,1,2,2,0.01,0.0,0.94,0.0,0.05
asthma_v2_copd_P21COPDMc_162.wav,2,1,2,2,0.02,0.01,0.92,0.01,0.04
asthma_v2_copd_P21COPDPr_163.wav,2,1,2,2,0.04,0.01,0.9,0.02,0.03
asthma_v2_copd_P22COPDPr_173.wav,2,1,2,2,0.06,0.05,0.73,0.05,0.11
asthma_v2_copd_P23COPDMc_180.wav,2,1,2,2,0.03,0.01,0.92,0.01,0.03
asthma_v2_copd_P23COPDMc_184.wav,2,1,2,2,0.0,0.0,0.84,0.07,0.09
asthma_v2_copd_P24COPDMc_188.wav,2,1,2,2,0.11,0.02,0.73,0.1,0.04
asthma_v2_copd_P24COPDPr_191.wav,2,1,2,2,0.01,0.01,0.96,0.02,0.0
asthma_v2_copd_P25COPDMc_198.wav,2,1,2,2,0.02,0.01,0.91,0.02,0.04
asthma_v2_copd_P25COPDPr_197.wav,2,1,2,2,0.02,0.03,0.9,0.02,0.03
asthma_v2_copd_P26COPDMc_202.wav,2,1,2,2,0.01,0.02,0.93,0.01,0.03
asthma_v2_copd_P26COPDMc_204.wav,2,1,2,2,0.01,0.01,0.93,0.02,0.03
asthma_v2_copd_P26COPDMc_206.wav,2,1,2,2,0.04,0.02,0.87,0.04,0.03
asthma_v2_copd_P26COPDPr_205.wav,2,1,2,2,0.04,0.01,0.91,0.0,0.04
asthma_v2_copd_P27COPDPr_213.wav,2,1,2,2,0.05,0.03,0.77,0.02,0.13
asthma_v2_copd_P28COPDPr_217.wav,2,1,2,2,0.03,0.0,0.96,0.01,0.0
asthma_v2_copd_P28COPDPr_219.wav,2,1,2,2,0.03,0.01,0.92,0.02,0.02
asthma_v2_copd_P28COPDPr_221.wav,2,1,2,2,0.04,0.06,0.88,0.01,0.01
asthma_v2_copd_P29COPDMc_226.wav,2,1,2,2,0.01,0.01,0.96,0.0,0.02
asthma_v2_copd_P29COPDMc_230.wav,2,1,2,2,0.02,0.01,0.96,0.0,0.01
asthma_v2_copd_P2COPDMc_14.wav,2,1,2,2,0.11,0.0,0.87,0.0,0.02
asthma_v2_copd_P2COPDPr_11.wav,2,1,2,2,0.08,0.02,0.76,0.07,0.07
asthma_v2_copd_P32COPDMc_250.wav,2,1,2,2,0.32,0.05,0.35,0.09,0.19
asthma_v2_copd_P32COPDPr_251.wav,2,1,2,2,0.17,0.04,0.66,0.03,0.1
asthma_v2_copd_P32COPDPr_253.wav,2,1,2,2,0.22,0.01,0.71,0.0,0.06
asthma_v2_copd_P33COPDMc_262.wav,2,1,2,2,0.04,0.14,0.75,0.04,0.03
asthma_v2_copd_P33COPDPr_257.wav,2,1,2,2,0.1,0.01,0.86,0.0,0.03
asthma_v2_copd_P33COPDPr_259.wav,2,1,2,2,0.15,0.11,0.54,0.06,0.14
asthma_v2_copd_P35COPDMc_276.wav,2,1,2,2,0.0,0.02,0.93,0.01,0.04
asthma_v2_copd_P36COPDMc_282.wav,2,1,2,2,0.08,0.11,0.64,0.03,0.14
asthma_v2_copd_P37COPDMc_294.wav,2,1,2,2,0.02,0.02,0.9,0.04,0.02
asthma_v2_copd_P37COPDPr_291.wav,2,1,2,2,0.04,0.0,0.93,0.01,0.02
asthma_v2_copd_P37COPDPr_295.wav,2,1,2,2,0.08,0.02,0.8,0.05,0.05
asthma_v2_copd_P39COPDMc_306.wav,2,1,2,2,0.03,0.12,0.78,0.01,0.06
asthma_v2_copd_P39COPDPr_307.wav,2,1,2,2,0.04,0.1,0.79,0.03,0.04
asthma_v2_copd_P39COPDPr_309.wav,2,1,2,2,0.02,0.05,0.88,0.02,0.03
asthma_v2_copd_P3COPDMc_24.wav,2,1,2,2,0.06,0.03,0.78,0.04,0.09
asthma_v2_copd_P40COPDMc_316.wav,2,1,2,2,0.04,0.03,0.9,0.02,0.01
asthma_v2_copd_P40COPDMc_318.wav,2,1,2,2,0.24,0.03,0.38,0.01,0.34
asthma_v2_copd_P40COPDMc_320.wav,2,1,2,4,0.34,0.06,0.23,0.0,0.37
asthma_v2_copd_P40COPDPr_317.wav,2,1,2,2,0.03,0.02,0.9,0.03,0.02
asthma_v2_copd_P41COPDMc_326.wav,2,1,2,2,0.01,0.05,0.87,0.01,0.06
asthma_v2_copd_P41COPDMc_328.wav,2,1,2,2,0.05,0.02,0.81,0.1,0.02
asthma_v2_copd_P42COPDMc_334.wav,2,1,2,2,0.03,0.0,0.91,0.04,0.02
asthma_v2_copd_P42COPDPr_329.wav,2,1,2,2,0.01,0.0,0.95,0.01,0.03
asthma_v2_copd_P43COPDMc_338.wav,2,1,2,2,0.03,0.03,0.78,0.1,0.06
asthma_v2_copd_P44COPDPr_347.wav,2,1,2,2,0.11,0.0,0.66,0.03,0.2
asthma_v2_copd_P44COPDPr_351.wav,2,1,2,2,0.06,0.04,0.77,0.09,0.04
asthma_v2_copd_P45COPDMc_356.wav,2,1,2,2,0.02,0.02,0.81,0.09,0.06
asthma_v2_copd_P45COPDPr_353.wav,2,1,2,2,0.05,0.03,0.65,0.1,0.17
asthma_v2_copd_P45COPDPr_357.wav,2,1,2,2,0.02,0.0,0.95,0.02,0.01
asthma_v2_copd_P46COPDPr_361.wav,2,1,2,2,0.03,0.01,0.68,0.09,0.19
asthma_v2_copd_P48COPDMc_380.wav,2,1,2,2,0.04,0.07,0.71,0.14,0.04
asthma_v2_copd_P48COPDMc_384.wav,2,1,2,2,0.0,0.0,0.95,0.02,0.03
asthma_v2_copd_P48COPDPr_381.wav,2,1,2,2,0.01,0.0,0.93,0.03,0.03
asthma_v2_copd_P49COPDPr_385.wav,2,1,2,2,0.04,0.0,0.91,0.04,0.01
asthma_v2_copd_P49COPDPr_389.wav,2,1,2,2,0.0,0.01,0.89,0.07,0.03
asthma_v2_copd_P50COPDPr_397.wav,2,1,2,2,0.01,0.0,0.95,0.01,0.03
asthma_v2_copd_P5COPDMc_34.wav,2,1,2,2,0.21,0.01,0.47,0.06,0.25
asthma_v2_copd_P5COPDMc_38.wav,2,1,2,2,0.03,0.04,0.71,0.11,0.11
asthma_v2_copd_P6COPDPr_47.wav,2,1,2,2,0.09,0.02,0.63,0.11,0.15
asthma_v2_copd_P7COPDMc_54.wav,2,1,2,2,0.0,0.0,0.86,0.07,0.07
asthma_v2_copd_P7COPDMc_56.wav,2,1,2,2,0.08,0.0,0.75,0.12,0.05
asthma_v2_copd_P9COPDMc_68.wav,2,1,2,2,0.01,0.0,0.96,0.0,0.03
asthma_v2_healthy_P10Healthy14S.wav,2,1,3,0,0.4,0.03,0.06,0.15,0.36
asthma_v2_healthy_P10Healthy61S.wav,2,1,3,3,0.07,0.01,0.23,0.38,0.31
asthma_v2_healthy_P12Healthy98S.wav,2,1,3,3,0.04,0.08,0.13,0.64,0.11
asthma_v2_healthy_P15Healthy61S.wav,2,1,3,3,0.08,0.02,0.03,0.65,0.22
asthma_v2_healthy_P15Healthy93S.wav,2,1,3,3,0.06,0.0,0.16,0.75,0.03
asthma_v2_healthy_P16Healthy18S.wav,2,1,3,3,0.08,0.02,0.03,0.65,0.22
asthma_v2_healthy_P17Healthy58S.wav,2,1,3,3,0.14,0.03,0.09,0.44,0.3
asthma_v2_healthy_P18Healthy17S.wav,2,1,3,3,0.08,0.0,0.11,0.64,0.17
asthma_v2_healthy_P19Healthy62S.wav,2,1,3,3,0.01,0.0,0.01,0.94,0.04
asthma_v2_healthy_P19Healthy79S.wav,2,1,3,3,0.08,0.0,0.01,0.82,0.09
asthma_v2_healthy_P1Healthy29S.wav,2,1,3,3,0.11,0.09,0.28,0.4,0.12
asthma_v2_healthy_P1Healthy86S.wav,2,1,3,3,0.19,0.07,0.17,0.43,0.14
asthma_v2_healthy_P20Healthy25S.wav,2,1,3,3,0.04,0.01,0.07,0.54,0.34
asthma_v2_healthy_P21Healthy15S.wav,2,1,3,3,0.09,0.02,0.04,0.65,0.2
asthma_v2_healthy_P21Healthy95S.wav,2,1,3,3,0.18,0.02,0.04,0.59,0.17
asthma_v2_healthy_P23Healthy72S.wav,2,1,3,3,0.02,0.0,0.03,0.88,0.07
asthma_v2_healthy_P24Healthy63S.wav,2,1,3,3,0.08,0.0,0.11,0.58,0.23
asthma_v2_healthy_P25Healthy20S.wav,2,1,3,3,0.04,0.01,0.09,0.62,0.24
asthma_v2_healthy_P26Healthy22S.wav,2,1,3,3,0.05,0.0,0.16,0.59,0.2
asthma_v2_healthy_P27Healthy92S.wav,2,1,3,3,0.04,0.0,0.04,0.77,0.15
asthma_v2_healthy_P2Healthy72S.wav,2,1,3,3,0.1,0.01,0.06,0.53,0.3
asthma_v2_healthy_P5Healthy87S.wav,2,1,3,3,0.14,0.07,0.09,0.55,0.15
asthma_v2_healthy_P5Healthy96S.wav,2,1,3,3,0.05,0.02,0.06,0.71,0.16
asthma_v2_healthy_P6Healthy77S.wav,2,1,3,4,0.13,0.0,0.15,0.28,0.44
asthma_v2_healthy_P7Healthy38S.wav,2,1,3,3,0.05,0.04,0.03,0.83,0.05
asthma_v2_healthy_P9Healthy31S.wav,2,1,3,4,0.17,0.0,0.02,0.33,0.48
asthma_v2_pneumonia_P10Pneumonia88R.wav,2,1,4,4,0.31,0.07,0.07,0.03,0.52
asthma_v2_pneumonia_P10Pneumonia97B.wav,2,1,4,0,0.41,0.02,0.13,0.03,0.41
asthma_v2_pneumonia_P11Pneumonia18T.wav,2,1,4,4,0.12,0.02,0.38,0.04,0.44
asthma_v2_pneumonia_P13Pneumonia99T.wav,2,1,4,0,0.52,0.01,0.09,0.01,0.37
asthma_v2_pneumonia_P14Pneumonia62B.wav,2,1,4,4,0.2,0.03,0.06,0.03,0.68
asthma_v2_pneumonia_P15Pneumonia39Y.wav,2,1,4,4,0.07,0.01,0.04,0.31,0.57
asthma_v2_pneumonia_P17Pneumonia86O.wav,2,1,4,2,0.07,0.01,0.5,0.03,0.39
asthma_v2_pneumonia_P18Pneumonia15Q.wav,2,1,4,4,0.0,0.0,0.0,0.0,1.0
asthma_v2_pneumonia_P18Pneumonia23E.wav,2,1,4,4,0.01,0.0,0.0,0.0,0.99
asthma_v2_pneumonia_P19Pneumonia90X.wav,2,1,4,4,0.04,0.02,0.02,0.26,0.66
asthma_v2_pneumonia_P1Pneumonia93D.wav,2,1,4,4,0.0,0.0,0.0,0.0,1.0
asthma_v2_pneumonia_P1Pneumonia94J.wav,2,1,4,4,0.05,0.03,0.02,0.04,0.86
asthma_v2_pneumonia_P20Pneumonia58T.wav,2,1,4,4,0.07,0.01,0.04,0.04,0.84
asthma_v2_pneumonia_P21Pneumonia12C.wav,2,1,4,4,0.11,0.02,0.18,0.19,0.5
asthma_v2_pneumonia_P21Pneumonia78P.wav,2,1,4,4,0.03,0.0,0.0,0.01,0.96
asthma_v2_pneumonia_P22Pneumonia29M.wav,2,1,4,4,0.2,0.02,0.05,0.01,0.72
asthma_v2_pneumonia_P23Pneumonia40O.wav,2,1,4,4,0.19,0.04,0.08,0.02,0.67
asthma_v2_pneumonia_P23Pneumonia54P.wav,2,1,4,4,0.24,0.05,0.15,0.04,0.52
asthma_v2_pneumonia_P23Pneumonia97P.wav,2,1,4,4,0.16,0.01,0.08,0.13,0.62
asthma_v2_pneumonia_P24Pneumonia21G.wav,2,1,4,4,0.06,0.03,0.06,0.22,0.63
asthma_v2_pneumonia_P24Pneumonia67G.wav,2,1,4,4,0.11,0.01,0.07,0.04,0.77
asthma_v2_pneumonia_P24Pneumonia67Z.wav,2,1,4,4,0.05,0.01,0.02,0.08,0.84
asthma_v2_pneumonia_P26Pneumonia12X.wav,2,1,4,4,0.05,0.01,0.04,0.35,0.55
asthma_v2_pneumonia_P26Pneumonia66S.wav,2,1,4,4,0.04,0.0,0.07,0.24,0.65
asthma_v2_pneumonia_P26Pneumonia89E.wav,2,1,4,4,0.04,0.01,0.02,0.3,0.63
asthma_v2_pneumonia_P29Pneumonia24X.wav,2,1,4,4,0.01,0.0,0.01,0.0,0.98
asthma_v2_pneumonia_P2Pneumonia11Q.wav,2,1,4,4,0.06,0.0,0.0,0.04,0.9
asthma_v2_pneumonia_P30Pneumonia30W.wav,2,1,4,4,0.04,0.01,0.06,0.03,0.86
asthma_v2_pneumonia_P30Pneumonia70X.wav,2,1,4,4,0.06,0.01,0.1,0.04,0.79
asthma_v2_pneumonia_P31Pneumonia14Q.wav,2,1,4,4,0.04,0.0,0.02,0.01,0.93
asthma_v2_pneumonia_P32Pneumonia59Q.wav,2,1,4,4,0.02,0.01,0.01,0.16,0.8
asthma_v2_pneumonia_P33Pneumonia50P.wav,2,1,4,4,0.0,0.0,0.0,0.0,1.0
asthma_v2_pneumonia_P33Pneumonia70D.wav,2,1,4,4,0.0,0.0,0.0,0.0,1.0
asthma_v2_pneumonia_P33Pneumonia88U.wav,2,1,4,4,0.0,0.0,0.0,0.0,1.0
asthma_v2_pneumonia_P33Pneumonia94P.wav,2,1,4,4,0.01,0.0,0.01,0.0,0.98
asthma_v2_pneumonia_P34Pneumonia77O.wav,2,1,4,4,0.0,0.0,0.0,0.0,1.0
asthma_v2_pneumonia_P36Pneumonia56V.wav,2,1,4,0,0.62,0.0,0.05,0.04,0.29
asthma_v2_pneumonia_P36Pneumonia83N.wav,2,1,4,4,0.0,0.0,0.0,0.0,1.0
asthma_v2_pneumonia_P36Pneumonia86S.wav,2,1,4,0,0.52,0.01,0.18,0.13,0.16
asthma_v2_pneumonia_P37Pneumonia73X.wav,2,1,4,0,0.67,0.06,0.01,0.03,0.23
asthma_v2_pneumonia_P37Pneumonia95J.wav,2,1,4,0,0.47,0.01,0.1,0.08,0.34
asthma_v2_pneumonia_P38Pneumonia64N.wav,2,1,4,0,0.84,0.0,0.01,0.01,0.14
asthma_v2_pneumonia_P40Pneumonia32Q.wav,2,1,4,0,0.41,0.04,0.11,0.03,0.41
asthma_v2_pneumonia_P41Pneumonia17O.wav,2,1,4,0,0.44,0.02,0.11,0.11,0.32
asthma_v2_pneumonia_P43Pneumonia24U.wav,2,1,4,4,0.04,0.01,0.23,0.25,0.47
asthma_v2_pneumonia_P43Pneumonia73N.wav,2,1,4,4,0.05,0.0,0.01,0.03,0.91
asthma_v2_pneumonia_P43Pneumonia88Y.wav,2,1,4,4,0.11,0.01,0.2,0.24,0.44
asthma_v2_pneumonia_P45Pneumonia51F.wav,2,1,4,4,0.08,0.05,0.22,0.1,0.55
asthma_v2_pneumonia_P47Pneumonia19A.wav,2,1,4,4,0.23,0.12,0.18,0.03,0.44
asthma_v2_pneumonia_P4Pneumonia39Q.wav,2,1,4,4,0.05,0.0,0.05,0.06,0.84
asthma_v2_pneumonia_P4Pneumonia78E.wav,2,1,4,4,0.05,0.01,0.26,0.04,0.64
asthma_v2_pneumonia_P6Pneumonia17Q.wav,2,1,4,4,0.09,0.01,0.13,0.16,0.61
asthma_v2_pneumonia_P6Pneumonia39O.wav,2,1,4,4,0.13,0.02,0.13,0.05,0.67
asthma_v2_pneumonia_P7Pneumonia76F.wav,2,1,4,2,0.05,0.06,0.4,0.09,0.4
asthma_v2_pneumonia_P8Pneumonia20O.wav,2,1,4,4,0.12,0.04,0.26,0.05,0.53
asthma_v2_pneumonia_P9Pneumonia63O.wav,2,1,4,4,0.05,0.05,0.02,0.15,0.73
asthma_v2_pneumonia_P9Pneumonia73J.wav,2,1,4,4,0.14,0.0,0.08,0.03,0.75
asthma_v2_Bronchial_P10BronchialSc_50.wav,2,2,1,1,0.03,0.88,0.07,0.02,0.0
asthma_v2_Bronchial_P13BronchialTc_65.wav,2,2,1,0,0.38,0.16,0.24,0.07,0.15
asthma_v2_Bronchial_P14BronchialTc_67.wav,2,2,1,0,0.66,0.23,0.06,0.01,0.04
asthma_v2_Bronchial_P15BronchialTc_73.wav,2,2,1,1,0.02,0.76,0.17,0.05,0.0
asthma_v2_Bronchial_P16BronchialTc_77.wav,2,2,1,1,0.11,0.53,0.25,0.02,0.09
asthma_v2_Bronchial_P17BronchialSc_82.wav,2,2,1,1,0.0,0.83,0.15,0.0,0.02
asthma_v2_Bronchial_P18BronchialTc_87.wav,2,2,1,1,0.02,0.84,0.12,0.02,0.0
asthma_v2_Bronchial_P1BronchialSc_4.wav,2,2,1,1,0.02,0.78,0.09,0.05,0.06
asthma_v2_Bronchial_P1BronchialTc_3.wav,2,2,1,1,0.03,0.8,0.08,0.07,0.02
asthma_v2_Bronchial_P20BronchialSc_96.wav,2,2,1,1,0.01,0.88,0.08,0.03,0.0
asthma_v2_Bronchial_P20BronchialTc_97.wav,2,2,1,1,0.0,0.88,0.12,0.0,0.0
asthma_v2_Bronchial_P21BronchialTc_101.wav,2,2,1,1,0.0,0.81,0.13,0.01,0.05
asthma_v2_Bronchial_P3BronchialSc_14.wav,2,2,1,1,0.05,0.67,0.15,0.04,0.09
asthma_v2_Bronchial_P3BronchialTc_11.wav,2,2,1,1,0.01,0.76,0.1,0.11,0.02
asthma_v2_Bronchial_P4BronchialSc_18.wav,2,2,1,1,0.15,0.5,0.09,0.06,0.2
asthma_v2_Bronchial_P5BronchialSc_22.wav,2,2,1,1,0.16,0.63,0.11,0.08,0.02
asthma_v2_Bronchial_P5BronchialTc_23.wav,2,2,1,1,0.14,0.52,0.18,0.06,0.1
asthma_v2_Bronchial_P5BronchialTc_25.wav,2,2,1,1,0.15,0.47,0.22,0.03,0.13
asthma_v2_Bronchial_P7BronchialTc_31.wav,2,2,1,1,0.01,0.96,0.01,0.01,0.01
asthma_v2_Bronchial_P8BronchialSc_36.wav,2,2,1,1,0.03,0.88,0.07,0.01,0.01
asthma_v2_Bronchial_P9BronchialSc_42.wav,2,2,1,1,0.04,0.9,0.03,0.01,0.02
asthma_v2_asthma_P10AsthmaIU_50.wav,2,2,0,0,0.6,0.08,0.09,0.04,0.19
asthma_v2_asthma_P14WheezingRL_67.wav,2,2,0,0,0.4,0.0,0.08,0.12,0.4
asthma_v2_asthma_P16WheezingIE_77.wav,2,2,0,0,0.48,0.0,0.02,0.06,0.44
asthma_v2_asthma_P16WheezingIU_78.wav,2,2,0,0,0.76,0.01,0.0,0.0,0.23
asthma_v2_asthma_P16WheezingRS_76.wav,2,2,0,0,0.46,0.0,0.05,0.04,0.45
asthma_v2_asthma_P16WheezingRS_80.wav,2,2,0,0,0.83,0.15,0.0,0.01,0.01
asthma_v2_asthma_P17WheezingIE_85.wav,2,2,0,0,0.48,0.02,0.21,0.03,0.26
asthma_v2_asthma_P17WheezingIU_82.wav,2,2,0,0,0.89,0.06,0.0,0.02,0.03
asthma_v2_asthma_P18WheezingIE_89.wav,2,2,0,0,0.73,0.04,0.13,0.04,0.06
asthma_v2_asthma_P18WheezingRL_87.wav,2,2,0,3,0.17,0.04,0.16,0.37,0.26
asthma_v2_asthma_P19WheezingIE_93.wav,2,2,0,4,0.28,0.05,0.04,0.11,0.52
asthma_v2_asthma_P19WheezingRL_91.wav,2,2,0,0,0.76,0.01,0.06,0.01,0.16
asthma_v2_asthma_P1AsthmaRL_3.wav,2,2,0,0,0.58,0.01,0.06,0.01,0.34
asthma_v2_asthma_P21WheezingIE_105.wav,2,2,0,0,0.72,0.06,0.08,0.04,0.1
asthma_v2_asthma_P21WheezingIU_102.wav,2,2,0,0,0.48,0.28,0.02,0.08,0.14
asthma_v2_asthma_P21WheezingRL_103.wav,2,2,0,0,0.62,0.03,0.07,0.15,0.13
asthma_v2_asthma_P22WheezingIU_106.wav,2,2,0,0,0.79,0.02,0.04,0.01,0.14
asthma_v2_asthma_P23WheezingIU_114.wav,2,2,0,0,0.6,0.05,0.22,0.02,0.11
asthma_v2_asthma_P23WheezingRL_115.wav,2,2,0,0,0.53,0.07,0.19,0.04,0.17
asthma_v2_asthma_P25WheezingRL_123.wav,2,2,0,0,0.65,0.08,0.08,0.02,0.17
asthma_v2_asthma_P28WheezingIE_137.wav,2,2,0,0,0.44,0.09,0.09,0.23,0.15
asthma_v2_asthma_P28WheezingIU_138.wav,2,2,0,0,0.58,0.1,0.05,0.09,0.18
asthma_v2_asthma_P29WheezingRL_143.wav,2,2,0,0,0.49,0.03,0.14,0.01,0.33
asthma_v2_asthma_P2AsthmaRL_7.wav,2,2,0,0,0.8,0.01,0.06,0.01,0.12
asthma_v2_asthma_P30WheezingIU_146.wav,2,2,0,0,0.66,0.02,0.04,0.0,0.28
asthma_v2_asthma_P31WheezingRL_155.wav,2,2,0,0,0.6,0.03,0.01,0.01,0.35
asthma_v2_asthma_P33WheezingRS_164.wav,2,2,0,0,0.79,0.02,0.08,0.01,0.1
asthma_v2_asthma_P34WheezingIU_170.wav,2,2,0,0,0.82,0.08,0.01,0.0,0.09
asthma_v2_asthma_P34WheezingRL_167.wav,2,2,0,0,0.83,0.06,0.02,0.03,0.06
asthma_v2_asthma_P35WheezingIU_174.wav,2,2,0,0,0.31,0.15,0.18,0.07,0.29
asthma_v2_asthma_P39WheezingRL_195.wav,2,2,0,0,0.8,0.06,0.14,0.0,0.0
asthma_v2_asthma_P3AsthmaRL_11.wav,2,2,0,0,0.7,0.01,0.05,0.06,0.18
asthma_v2_asthma_P42WheezingIE_209.wav,2,2,0,0,0.6,0.01,0.29,0.0,0.1
asthma_v2_asthma_P42WheezingIU_210.wav,2,2,0,0,0.52,0.05,0.33,0.01,0.09
asthma_v2_asthma_P42WheezingRL_207.wav,2,2,0,0,0.46,0.13,0.25,0.02,0.14
asthma_v2_asthma_P43WheezingRL_211.wav,2,2,0,0,0.48,0.05,0.22,0.12,0.13
asthma_v2_asthma_P43WheezingRS_212.wav,2,2,0,0,0.68,0.05,0.17,0.0,0.1
asthma_v2_asthma_P44WheezingIU_218.wav,2,2,0,0,0.53,0.07,0.21,0.0,0.19
asthma_v2_asthma_P45WheezingIE_221.wav,2,2,0,0,0.74,0.06,0.12,0.03,0.05
asthma_v2_asthma_P45WheezingIE_225.wav,2,2,0,0,0.81,0.04,0.03,0.02,0.1
asthma_v2_asthma_P45WheezingRS_224.wav,2,2,0,0,0.54,0.04,0.26,0.02,0.14
asthma_v2_asthma_P46WheezingIU_230.wav,2,2,0,0,0.71,0.08,0.06,0.03,0.12
asthma_v2_asthma_P47WheezingIE_233.wav,2,2,0,0,0.78,0.0,0.07,0.02,0.13
asthma_v2_asthma_P47WheezingRS_232.wav,2,2,0,0,0.59,0.0,0.27,0.0,0.14
asthma_v2_asthma_P48WheezingIE_237.wav,2,2,0,0,0.75,0.03,0.04,0.0,0.18
asthma_v2_asthma_P48WheezingIU_238.wav,2,2,0,0,0.82,0.02,0.12,0.01,0.03
asthma_v2_asthma_P49WheezingRS_244.wav,2,2,0,0,0.79,0.0,0.06,0.04,0.11
asthma_v2_asthma_P4AsthmaIE_17.wav,2,2,0,0,0.84,0.08,0.01,0.0,0.07
asthma_v2_asthma_P4AsthmaIU_18.wav,2,2,0,0,0.67,0.27,0.01,0.01,0.04
asthma_v2_asthma_P52WheezingIE_257.wav,2,2,0,0,0.49,0.01,0.47,0.0,0.03
asthma_v2_asthma_P52WheezingRL_259.wav,2,2,0,0,0.8,0.08,0.01,0.0,0.11
asthma_v2_asthma_P52WheezingRS_256.wav,2,2,0,0,0.51,0.05,0.38,0.0,0.06
asthma_v2_asthma_P52WheezingRS_260.wav,2,2,0,0,0.86,0.05,0.0,0.0,0.09
asthma_v2_asthma_P54WheezingRL_267.wav,2,2,0,0,0.43,0.05,0.03,0.27,0.22
asthma_v2_asthma_P55WheezingIE_273.wav,2,2,0,4,0.21,0.0,0.22,0.23,0.34
asthma_v2_asthma_P6AsthmaIU_30.wav,2,2,0,0,0.91,0.07,0.0,0.01,0.01
asthma_v2_asthma_P9AsthmaIU_42.wav,2,2,0,0,0.6,0.0,0.07,0.06,0.27
asthma_v2_copd_P10COPDMc_76.wav,2,2,2,2,0.19,0.07,0.5,0.12,0.12
asthma_v2_copd_P10COPDPr_77.wav,2,2,2,2,0.3,0.02,0.41,0.13,0.14
asthma_v2_copd_P10COPDPr_79.wav,2,2,2,0,0.49,0.06,0.4,0.01,0.04
asthma_v2_copd_P11COPDMc_88.wav,2,2,2,2,0.21,0.03,0.58,0.09,0.09
asthma_v2_copd_P11COPDPr_85.wav,2,2,2,2,0.28,0.07,0.4,0.03,0.22
asthma_v2_copd_P12COPDMc_90.wav,2,2,2,2,0.19,0.04,0.71,0.01,0.05
asthma_v2_copd_P12COPDPr_93.wav,2,2,2,2,0.22,0.04,0.69,0.01,0.04
asthma_v2_copd_P12COPDPr_95.wav,2,2,2,2,0.01,0.13,0.77,0.07,0.02
asthma_v2_copd_P13COPDPr_103.wav,2,2,2,2,0.04,0.01,0.85,0.02,0.08
asthma_v2_copd_P13COPDPr_97.wav,2,2,2,2,0.01,0.05,0.89,0.04,0.01
asthma_v2_copd_P14COPDMc_110.wav,2,2,2,2,0.1,0.02,0.63,0.02,0.23
asthma_v2_copd_P14COPDMc_112.wav,2,2,2,2,0.36,0.0,0.6,0.02,0.02
asthma_v2_copd_P14COPDPr_105.wav,2,2,2,2,0.07,0.06,0.67,0.02,0.18
asthma_v2_copd_P15COPDMc_118.wav,2,2,2,0,0.65,0.0,0.25,0.03,0.07
asthma_v2_copd_P16COPDMc_128.wav,2,2,2,2,0.05,0.03,0.83,0.01,0.08
asthma_v2_copd_P17COPDMc_134.wav,2,2,2,2,0.03,0.01,0.94,0.0,0.02
asthma_v2_copd_P17COPDPr_133.wav,2,2,2,2,0.03,0.01,0.94,0.0,0.02
asthma_v2_copd_P17COPDPr_135.wav,2,2,2,2,0.01,0.02,0.94,0.02,0.01
asthma_v2_copd_P18COPDMc_142.wav,2,2,2,2,0.03,0.0,0.94,0.01,0.02
asthma_v2_copd_P18COPDPr_141.wav,2,2,2,2,0.03,0.02,0.94,0.0,0.01
asthma_v2_copd_P18COPDPr_143.wav,2,2,2,2,0.01,0.03,0.91,0.0,0.05
asthma_v2_copd_P1COPDMc_6.wav,2,2,2,2,0.02,0.01,0.93,0.0,0.04
asthma_v2_copd_P1COPDPr_5.wav,2,2,2,2,0.01,0.0,0.97,0.0,0.02
asthma_v2_copd_P20COPDMc_158.wav,2,2,2,2,0.04,0.0,0.95,0.0,0.01
asthma_v2_copd_P21COPDPr_167.wav,2,2,2,2,0.06,0.01,0.87,0.03,0.03
asthma_v2_copd_P22COPDMc_172.wav,2,2,2,2,0.02,0.0,0.95,0.0,0.03
asthma_v2_copd_P22COPDMc_176.wav,2,2,2,2,0.1,0.02,0.6,0.19,0.09
asthma_v2_copd_P23COPDMc_182.wav,2,2,2,2,0.11,0.02,0.64,0.11,0.12
asthma_v2_copd_P23COPDPr_183.wav,2,2,2,2,0.06,0.02,0.83,0.04,0.05
asthma_v2_copd_P24COPDMc_186.wav,2,2,2,2,0.06,0.02,0.78,0.03,0.11
asthma_v2_copd_P25COPDMc_196.wav,2,2,2,2,0.06,0.03,0.62,0.16,0.13
asthma_v2_copd_P25COPDMc_200.wav,2,2,2,2,0.0,0.0,0.99,0.0,0.01
asthma_v2_copd_P25COPDPr_195.wav,2,2,2,2,0.07,0.03,0.72,0.1,0.08
asthma_v2_copd_P27COPDPr_211.wav,2,2,2,2,0.01,0.01,0.96,0.0,0.02
asthma_v2_copd_P29COPDPr_225.wav,2,2,2,2,0.01,0.01,0.95,0.01,0.02
asthma_v2_copd_P29COPDPr_227.wav,2,2,2,2,0.0,0.01,0.95,0.0,0.04
asthma_v2_copd_P29COPDPr_229.wav,2,2,2,2,0.01,0.01,0.95,0.0,0.03
asthma_v2_copd_P2COPDMc_10.wav,2,2,2,2,0.01,0.01,0.95,0.0,0.03
asthma_v2_copd_P2COPDMc_12.wav,2,2,2,2,0.26,0.01,0.6,0.01,0.12
asthma_v2_copd_P30COPDMc_234.wav,2,2,2,2,0.1,0.0,0.66,0.02,0.22
asthma_v2_copd_P30COPDPr_235.wav,2,2,2,2,0.12,0.0,0.55,0.05,0.28
asthma_v2_copd_P31COPDMc_242.wav,2,2,2,2,0.06,0.06,0.55,0.16,0.17
asthma_v2_copd_P31COPDMc_244.wav,2,2,2,2,0.19,0.04,0.48,0.21,0.08
asthma_v2_copd_P31COPDMc_246.wav,2,2,2,2,0.21,0.0,0.74,0.01,0.04
asthma_v2_copd_P32COPDPr_255.wav,2,2,2,2,0.17,0.0,0.79,0.02,0.02
asthma_v2_copd_P33COPDPr_261.wav,2,2,2,2,0.12,0.12,0.71,0.01,0.04
asthma_v2_copd_P34COPDMc_268.wav,2,2,2,2,0.04,0.13,0.79,0.01,0.03
asthma_v2_copd_P34COPDPr_269.wav,2,2,2,2,0.03,0.13,0.79,0.02,0.03
asthma_v2_copd_P35COPDMc_274.wav,2,2,2,2,0.07,0.03,0.77,0.02,0.11
asthma_v2_copd_P36COPDPr_281.wav,2,2,2,2,0.0,0.01,0.98,0.0,0.01
asthma_v2_copd_P36COPDPr_287.wav,2,2,2,2,0.01,0.01,0.95,0.0,0.03
asthma_v2_copd_P37COPDMc_296.wav,2,2,2,2,0.07,0.0,0.91,0.0,0.02
asthma_v2_copd_P38COPDMc_304.wav,2,2,2,2,0.08,0.0,0.78,0.02,0.12
asthma_v2_copd_P38COPDPr_299.wav,2,2,2,2,0.3,0.0,0.51,0.03,0.16
asthma_v2_copd_P39COPDMc_310.wav,2,2,2,2,0.02,0.06,0.87,0.03,0.02
asthma_v2_copd_P3COPDMc_18.wav,2,2,2,0,0.51,0.04,0.26,0.05,0.14
asthma_v2_copd_P3COPDMc_20.wav,2,2,2,2,0.14,0.06,0.74,0.01,0.05
asthma_v2_copd_P3COPDMc_22.wav,2,2,2,2,0.14,0.05,0.8,0.01,0.0
asthma_v2_copd_P40COPDMc_314.wav,2,2,2,2,0.1,0.05,0.67,0.08,0.1
asthma_v2_copd_P40COPDPr_319.wav,2,2,2,4,0.19,0.08,0.25,0.03,0.45
asthma_v2_copd_P42COPDMc_332.wav,2,2,2,2,0.0,0.0,1.0,0.0,0.0
asthma_v2_copd_P43COPDPr_339.wav,2,2,2,2,0.01,0.01,0.73,0.12,0.13
asthma_v2_copd_P43COPDPr_341.wav,2,2,2,2,0.01,0.0,0.95,0.0,0.04
asthma_v2_copd_P43COPDPr_343.wav,2,2,2,2,0.06,0.05,0.85,0.02,0.02
asthma_v2_copd_P45COPDMc_358.wav,2,2,2,2,0.15,0.02,0.65,0.03,0.15
asthma_v2_copd_P46COPDMc_364.wav,2,2,2,2,0.0,0.01,0.7,0.09,0.2
asthma_v2_copd_P46COPDPr_367.wav,2,2,2,2,0.08,0.0,0.73,0.06,0.13
asthma_v2_copd_P48COPDMc_378.wav,2,2,2,2,0.05,0.0,0.91,0.03,0.01
asthma_v2_copd_P48COPDPr_379.wav,2,2,2,2,0.04,0.01,0.93,0.02,0.0
asthma_v2_copd_P49COPDMc_390.wav,2,2,2,2,0.01,0.0,0.73,0.12,0.14
asthma_v2_copd_P49COPDMc_392.wav,2,2,2,2,0.03,0.01,0.93,0.01,0.02
asthma_v2_copd_P4COPDMc_32.wav,2,2,2,2,0.16,0.01,0.52,0.07,0.24
asthma_v2_copd_P4COPDPr_25.wav,2,2,2,2,0.01,0.0,0.96,0.01,0.02
asthma_v2_copd_P4COPDPr_27.wav,2,2,2,2,0.01,0.0,0.97,0.0,0.02
asthma_v2_copd_P4COPDPr_31.wav,2,2,2,2,0.1,0.02,0.56,0.03,0.29
asthma_v2_copd_P50COPDMc_400.wav,2,2,2,2,0.02,0.0,0.95,0.0,0.03
asthma_v2_copd_P5COPDPr_33.wav,2,2,2,2,0.16,0.01,0.53,0.05,0.25
asthma_v2_copd_P6COPDPr_45.wav,2,2,2,4,0.2,0.01,0.36,0.05,0.38
asthma_v2_copd_P8COPDPr_59.wav,2,2,2,2,0.01,0.01,0.96,0.01,0.01
asthma_v2_copd_P9COPDMc_66.wav,2,2,2,2,0.0,0.0,0.99,0.0,0.01
asthma_v2_copd_P9COPDPr_65.wav,2,2,2,2,0.01,0.01,0.95,0.0,0.03
asthma_v2_healthy_P11Healthy18S.wav,2,2,3,2,0.27,0.04,0.28,0.16,0.25
asthma_v2_healthy_P11Healthy60S.wav,2,2,3,3,0.17,0.0,0.26,0.41,0.16
asthma_v2_healthy_P12Healthy93S.wav,2,2,3,3,0.22,0.04,0.27,0.28,0.19
asthma_v2_healthy_P14Healthy47S.wav,2,2,3,3,0.03,0.05,0.23,0.68,0.01
asthma_v2_healthy_P16Healthy41S.wav,2,2,3,3,0.02,0.01,0.0,0.94,0.03
asthma_v2_healthy_P17Healthy83S.wav,2,2,3,4,0.21,0.05,0.13,0.25,0.36
asthma_v2_healthy_P18Healthy46S.wav,2,2,3,4,0.18,0.09,0.15,0.28,0.3
asthma_v2_healthy_P18Healthy59S.wav,2,2,3,3,0.19,0.09,0.14,0.36,0.22
asthma_v2_healthy_P1Healthy88S.wav,2,2,3,3,0.05,0.02,0.2,0.6,0.13
asthma_v2_healthy_P1Healthy99S.wav,2,2,3,3,0.07,0.02,0.14,0.49,0.28
asthma_v2_healthy_P20Healthy31S.wav,2,2,3,3,0.0,0.0,0.02,0.92,0.06
asthma_v2_healthy_P24Healthy51S.wav,2,2,3,3,0.08,0.01,0.04,0.61,0.26
asthma_v2_healthy_P24Healthy58S.wav,2,2,3,3,0.08,0.01,0.03,0.58,0.3
asthma_v2_healthy_P25Healthy72S.wav,2,2,3,3,0.16,0.03,0.16,0.47,0.18
asthma_v2_healthy_P25Healthy88S.wav,2,2,3,3,0.01,0.0,0.04,0.83,0.12
asthma_v2_healthy_P27Healthy30S.wav,2,2,3,3,0.04,0.05,0.03,0.8,0.08
asthma_v2_healthy_P27Healthy73S.wav,2,2,3,3,0.07,0.04,0.02,0.72,0.15
asthma_v2_healthy_P2Healthy30S.wav,2,2,3,3,0.04,0.0,0.04,0.73,0.19
asthma_v2_healthy_P2Healthy43S.wav,2,2,3,3,0.12,0.02,0.17,0.38,0.31
asthma_v2_healthy_P2Healthy54S.wav,2,2,3,0,0.3,0.21,0.08,0.26,0.15
asthma_v2_healthy_P3Healthy60S.wav,2,2,3,1,0.2,0.31,0.09,0.2,0.2
asthma_v2_healthy_P4Healthy22S.wav,2,2,3,3,0.2,0.09,0.14,0.35,0.22
asthma_v2_healthy_P4Healthy62S.wav,2,2,3,3,0.06,0.13,0.2,0.48,0.13
asthma_v2_healthy_P6Healthy21S.wav,2,2,3,3,0.16,0.05,0.25,0.31,0.23
asthma_v2_healthy_P6Healthy34S.wav,2,2,3,3,0.09,0.03,0.08,0.45,0.35
asthma_v2_healthy_P9Healthy61S.wav,2,2,3,4,0.16,0.0,0.02,0.36,0.46
asthma_v2_pneumonia_P11Pneumonia12W.wav,2,2,4,4,0.25,0.03,0.18,0.09,0.45
asthma_v2_pneumonia_P11Pneumonia65P.wav,2,2,4,4,0.12,0.04,0.11,0.08,0.65
asthma_v2_pneumonia_P12Pneumonia97E.wav,2,2,4,4,0.2,0.02,0.16,0.07,0.55
asthma_v2_pneumonia_P13Pneumonia26N.wav,2,2,4,4,0.12,0.02,0.14,0.06,0.66
asthma_v2_pneumonia_P13Pneumonia33Z.wav,2,2,4,4,0.13,0.06,0.04,0.11,0.66
asthma_v2_pneumonia_P14Pneumonia87C.wav,2,2,4,4,0.07,0.02,0.13,0.0,0.78
asthma_v2_pneumonia_P15Pneumonia12I.wav,2,2,4,4,0.03,0.07,0.14,0.02,0.74
asthma_v2_pneumonia_P16Pneumonia42Q.wav,2,2,4,4,0.03,0.01,0.06,0.07,0.83
asthma_v2_pneumonia_P17Pneumonia51I.wav,2,2,4,4,0.04,0.01,0.28,0.14,0.53
asthma_v2_pneumonia_P17Pneumonia63G.wav,2,2,4,4,0.12,0.03,0.01,0.06,0.78
asthma_v2_pneumonia_P18Pneumonia88I.wav,2,2,4,4,0.0,0.0,0.0,0.0,1.0
asthma_v2_pneumonia_P19Pneumonia24H.wav,2,2,4,4,0.09,0.01,0.0,0.01,0.89
asthma_v2_pneumonia_P1Pneumonia41U.wav,2,2,4,4,0.01,0.01,0.0,0.0,0.98
asthma_v2_pneumonia_P20Pneumonia31P.wav,2,2,4,4,0.05,0.0,0.07,0.17,0.71
asthma_v2_pneumonia_P20Pneumonia37V.wav,2,2,4,4,0.11,0.03,0.07,0.1,0.69
asthma_v2_pneumonia_P22Pneumonia51X.wav,2,2,4,4,0.15,0.02,0.07,0.0,0.76
asthma_v2_pneumonia_P23Pneumonia90V.wav,2,2,4,4,0.16,0.01,0.12,0.04,0.67
asthma_v2_pneumonia_P24Pneumonia95T.wav,2,2,4,4,0.1,0.07,0.09,0.28,0.46
asthma_v2_pneumonia_P27Pneumonia77J.wav,2,2,4,4,0.09,0.04,0.35,0.01,0.51
asthma_v2_pneumonia_P28Pneumonia71A.wav,2,2,4,4,0.03,0.0,0.0,0.0,0.97
asthma_v2_pneumonia_P29Pneumonia14M.wav,2,2,4,4,0.04,0.0,0.01,0.01,0.94
asthma_v2_pneumonia_P29Pneumonia18M.wav,2,2,4,4,0.01,0.01,0.0,0.06,0.92
asthma_v2_pneumonia_P2Pneumonia70H.wav,2,2,4,4,0.01,0.0,0.0,0.0,0.99
asthma_v2_pneumonia_P2Pneumonia93N.wav,2,2,4,4,0.07,0.0,0.01,0.03,0.89
asthma_v2_pneumonia_P30Pneumonia85D.wav,2,2,4,4,0.01,0.0,0.0,0.0,0.99
asthma_v2_pneumonia_P31Pneumonia43V.wav,2,2,4,4,0.18,0.0,0.0,0.02,0.8
asthma_v2_pneumonia_P32Pneumonia75E.wav,2,2,4,4,0.0,0.0,0.0,0.0,1.0
asthma_v2_pneumonia_P32Pneumonia99W.wav,2,2,4,4,0.01,0.01,0.03,0.01,0.94
asthma_v2_pneumonia_P34Pneumonia15R.wav,2,2,4,4,0.0,0.01,0.0,0.02,0.97
asthma_v2_pneumonia_P35Pneumonia16F.wav,2,2,4,4,0.0,0.0,0.01,0.03,0.96
asthma_v2_pneumonia_P35Pneumonia56D.wav,2,2,4,4,0.13,0.02,0.03,0.06,0.76
asthma_v2_pneumonia_P35Pneumonia57I.wav,2,2,4,4,0.0,0.0,0.0,0.0,1.0
asthma_v2_pneumonia_P37Pneumonia44I.wav,2,2,4,4,0.42,0.01,0.02,0.07,0.48
asthma_v2_pneumonia_P38Pneumonia35P.wav,2,2,4,0,0.67,0.09,0.0,0.0,0.24
asthma_v2_pneumonia_P39Pneumonia41F.wav,2,2,4,4,0.22,0.08,0.17,0.03,0.5
asthma_v2_pneumonia_P40Pneumonia69N.wav,2,2,4,4,0.22,0.01,0.06,0.02,0.69
asthma_v2_pneumonia_P41Pneumonia31S.wav,2,2,4,0,0.5,0.05,0.13,0.05,0.27
asthma_v2_pneumonia_P41Pneumonia41D.wav,2,2,4,2,0.28,0.02,0.48,0.01,0.21
asthma_v2_pneumonia_P41Pneumonia71Q.wav,2,2,4,0,0.61,0.04,0.1,0.04,0.21
asthma_v2_pneumonia_P43Pneumonia54I.wav,2,2,4,4,0.19,0.01,0.1,0.09,0.61
asthma_v2_pneumonia_P44Pneumonia36U.wav,2,2,4,4,0.16,0.05,0.26,0.06,0.47
asthma_v2_pneumonia_P44Pneumonia49B.wav,2,2,4,4,0.19,0.01,0.1,0.09,0.61
asthma_v2_pneumonia_P45Pneumonia25T.wav,2,2,4,4,0.17,0.01,0.03,0.1,0.69
asthma_v2_pneumonia_P46Pneumonia22V.wav,2,2,4,4,0.03,0.01,0.05,0.14,0.77
asthma_v2_pneumonia_P47Pneumonia69D.wav,2,2,4,4,0.12,0.01,0.17,0.03,0.67
asthma_v2_pneumonia_P47Pneumonia98K.wav,2,2,4,4,0.09,0.06,0.03,0.05,0.77
asthma_v2_pneumonia_P48Pneumonia31K.wav,2,2,4,4,0.03,0.0,0.07,0.17,0.73
asthma_v2_pneumonia_P4Pneumonia27H.wav,2,2,4,4,0.05,0.02,0.01,0.07,0.85
asthma_v2_pneumonia_P5Pneumonia21J.wav,2,2,4,4,0.05,0.03,0.15,0.07,0.7
asthma_v2_pneumonia_P5Pneumonia88J.wav,2,2,4,4,0.08,0.03,0.13,0.06,0.7
asthma_v2_pneumonia_P5Pneumonia94P.wav,2,2,4,4,0.04,0.02,0.05,0.08,0.81
asthma_v2_pneumonia_P6Pneumonia15U.wav,2,2,4,4,0.19,0.02,0.15,0.03,0.61
asthma_v2_pneumonia_P6Pneumonia32L.wav,2,2,4,4,0.07,0.03,0.19,0.01,0.7
asthma_v2_pneumonia_P6Pneumonia37H.wav,2,2,4,4,0.03,0.02,0.13,0.21,0.61
asthma_v2_pneumonia_P6Pneumonia84M.wav,2,2,4,4,0.02,0.0,0.07,0.04,0.87
asthma_v2_pneumonia_P7Pneumonia22C.wav,2,2,4,4,0.09,0.01,0.3,0.03,0.57
asthma_v2_pneumonia_P8Pneumonia23N.wav,2,2,4,4,0.24,0.01,0.05,0.11,0.59
asthma_v2_Bronchial_P10BronchialSc_46.wav,2,3,1,1,0.05,0.69,0.15,0.05,0.06
asthma_v2_Bronchial_P12BronchialSc_56.wav,2,3,1,0,0.82,0.1,0.02,0.0,0.06
asthma_v2_Bronchial_P12BronchialSc_60.wav,2,3,1,0,0.35,0.09,0.11,0.25,0.2
asthma_v2_Bronchial_P14BronchialTc_69.wav,2,3,1,0,0.53,0.13,0.3,0.0,0.04
asthma_v2_Bronchial_P15BronchialTc_75.wav,2,3,1,1,0.01,0.85,0.12,0.0,0.02
asthma_v2_Bronchial_P16BronchialSc_76.wav,2,3,1,1,0.07,0.55,0.24,0.03,0.11
asthma_v2_Bronchial_P17BronchialTc_83.wav,2,3,1,1,0.01,0.84,0.11,0.01,0.03
asthma_v2_Bronchial_P18BronchialTc_89.wav,2,3,1,1,0.01,0.86,0.1,0.03,0.0
asthma_v2_Bronchial_P1BronchialSc_2.wav,2,3,1,1,0.01,0.83,0.06,0.09,0.01
asthma_v2_Bronchial_P20BronchialSc_98.wav,2,3,1,1,0.01,0.78,0.18,0.02,0.01
asthma_v2_Bronchial_P21BronchialSc_104.wav,2,3,1,4,0.21,0.16,0.15,0.09,0.39
asthma_v2_Bronchial_P21BronchialTc_103.wav,2,3,1,4,0.17,0.29,0.13,0.08,0.33
asthma_v2_Bronchial_P3BronchialTc_13.wav,2,3,1,1,0.04,0.47,0.31,0.08,0.1
asthma_v2_Bronchial_P4BronchialSc_16.wav,2,3,1,4,0.17,0.25,0.18,0.14,0.26
asthma_v2_Bronchial_P4BronchialSc_20.wav,2,3,1,1,0.05,0.67,0.08,0.11,0.09
asthma_v2_Bronchial_P4BronchialTc_17.wav,2,3,1,1,0.18,0.28,0.19,0.11,0.24
asthma_v2_Bronchial_P6BronchialSc_28.wav,2,3,1,1,0.01,0.98,0.01,0.0,0.0
asthma_v2_Bronchial_P7BronchialSc_34.wav,2,3,1,1,0.02,0.94,0.04,0.0,0.0
asthma_v2_Bronchial_P8BronchialTc_37.wav,2,3,1,1,0.05,0.72,0.06,0.12,0.05
asthma_v2_Bronchial_P8BronchialTc_39.wav,2,3,1,1,0.01,0.94,0.04,0.01,0.0
asthma_v2_Bronchial_P9BronchialTc_41.wav,2,3,1,1,0.01,0.91,0.03,0.04,0.01
asthma_v2_asthma_P10AsthmaIE_49.wav,2,3,0,0,0.8,0.01,0.01,0.01,0.17
asthma_v2_asthma_P10AsthmaRL_47.wav,2,3,0,0,0.83,0.03,0.04,0.01,0.09
asthma_v2_asthma_P13WheezingRL_63.wav,2,3,0,0,0.73,0.14,0.05,0.0,0.08
asthma_v2_asthma_P13WheezingRS_64.wav,2,3,0,0,0.75,0.1,0.05,0.01,0.09
asthma_v2_asthma_P14WheezingIE_69.wav,2,3,0,4,0.31,0.03,0.16,0.1,0.4
asthma_v2_asthma_P14WheezingIU_70.wav,2,3,0,0,0.68,0.05,0.01,0.01,0.25
asthma_v2_asthma_P15WheezingIE_73.wav,2,3,0,0,0.67,0.0,0.04,0.02,0.27
asthma_v2_asthma_P15WheezingIU_74.wav,2,3,0,0,0.62,0.01,0.04,0.02,0.31
asthma_v2_asthma_P15WheezingRL_75.wav,2,3,0,4,0.36,0.01,0.06,0.14,0.43
asthma_v2_asthma_P16WheezingRL_79.wav,2,3,0,0,0.63,0.01,0.09,0.04,0.23
asthma_v2_asthma_P17WheezingRS_84.wav,2,3,0,0,0.9,0.01,0.0,0.0,0.09
asthma_v2_asthma_P18WheezingIU_86.wav,2,3,0,0,0.62,0.0,0.15,0.03,0.2
asthma_v2_asthma_P19WheezingRS_92.wav,2,3,0,0,0.34,0.05,0.13,0.2,0.28
asthma_v2_asthma_P1AsthmaIE_5.wav,2,3,0,0,0.84,0.12,0.02,0.0,0.02
asthma_v2_asthma_P1AsthmaIU_2.wav,2,3,0,0,0.87,0.02,0.02,0.0,0.09
asthma_v2_asthma_P20WheezingRS_96.wav,2,3,0,0,0.86,0.04,0.05,0.0,0.05
asthma_v2_asthma_P22WheezingRL_107.wav,2,3,0,4,0.2,0.08,0.25,0.16,0.31
asthma_v2_asthma_P24WheezingIU_118.wav,2,3,0,0,0.56,0.11,0.17,0.02,0.14
asthma_v2_asthma_P24WheezingRL_119.wav,2,3,0,0,0.85,0.04,0.02,0.0,0.09
asthma_v2_asthma_P25WheezingIU_122.wav,2,3,0,0,0.68,0.05,0.1,0.04,0.13
asthma_v2_asthma_P25WheezingRS_124.wav,2,3,0,0,0.61,0.0,0.05,0.14,0.2
asthma_v2_asthma_P26WheezingIE_129.wav,2,3,0,0,0.45,0.08,0.27,0.04,0.16
asthma_v2_asthma_P26WheezingRS_128.wav,2,3,0,0,0.63,0.02,0.14,0.02,0.19
asthma_v2_asthma_P27WheezingIE_133.wav,2,3,0,3,0.33,0.0,0.06,0.46,0.15
asthma_v2_asthma_P27WheezingRS_132.wav,2,3,0,0,0.74,0.01,0.12,0.03,0.1
asthma_v2_asthma_P29WheezingIE_145.wav,2,3,0,0,0.62,0.02,0.2,0.0,0.16
asthma_v2_asthma_P30WheezingIU_150.wav,2,3,0,0,0.53,0.03,0.07,0.06,0.31
asthma_v2_asthma_P30WheezingRL_147.wav,2,3,0,0,0.52,0.05,0.2,0.02,0.21
asthma_v2_asthma_P32WheezingRS_160.wav,2,3,0,0,0.61,0.02,0.07,0.02,0.28
asthma_v2_asthma_P34WheezingIE_169.wav,2,3,0,0,0.81,0.05,0.04,0.03,0.07
asthma_v2_asthma_P34WheezingIU_166.wav,2,3,0,0,0.76,0.05,0.05,0.0,0.14
asthma_v2_asthma_P36WheezingRS_180.wav,2,3,0,0,0.66,0.14,0.11,0.04,0.05
asthma_v2_asthma_P37WheezingIE_185.wav,2,3,0,0,0.74,0.03,0.09,0.0,0.14
asthma_v2_asthma_P39WheezingIU_194.wav,2,3,0,0,0.81,0.03,0.11,0.0,0.05
asthma_v2_asthma_P39WheezingRL_191.wav,2,3,0,0,0.73,0.02,0.13,0.03,0.09
asthma_v2_asthma_P3AsthmaIE_13.wav,2,3,0,0,0.86,0.04,0.02,0.01,0.07
asthma_v2_asthma_P3AsthmaRL_15.wav,2,3,0,0,0.79,0.01,0.03,0.02,0.15
asthma_v2_asthma_P40WheezingRL_199.wav,2,3,0,0,0.87,0.02,0.07,0.0,0.04
asthma_v2_asthma_P41WheezingIU_202.wav,2,3,0,0,0.83,0.01,0.13,0.01,0.02
asthma_v2_asthma_P41WheezingRL_203.wav,2,3,0,2,0.31,0.0,0.67,0.0,0.02
asthma_v2_asthma_P42WheezingRS_208.wav,2,3,0,0,0.67,0.0,0.25,0.0,0.08
asthma_v2_asthma_P43WheezingIU_214.wav,2,3,0,0,0.55,0.0,0.39,0.02,0.04
asthma_v2_asthma_P44WheezingRL_219.wav,2,3,0,0,0.5,0.0,0.47,0.0,0.03
asthma_v2_asthma_P46WheezingRS_228.wav,2,3,0,0,0.4,0.08,0.33,0.07,0.12
asthma_v2_asthma_P48WheezingRL_239.wav,2,3,0,0,0.83,0.01,0.07,0.01,0.08
asthma_v2_asthma_P48WheezingRS_236.wav,2,3,0,0,0.65,0.01,0.15,0.01,0.18
asthma_v2_asthma_P49WheezingIE_245.wav,2,3,0,0,0.71,0.02,0.15,0.05,0.07
asthma_v2_asthma_P51WheezingRL_255.wav,2,3,0,0,0.65,0.03,0.2,0.0,0.12
asthma_v2_asthma_P54WheezingIU_270.wav,2,3,0,0,0.35,0.07,0.05,0.24,0.29
asthma_v2_asthma_P57WheezingIE_281.wav,2,3,0,3,0.31,0.0,0.09,0.33,0.27
asthma_v2_asthma_P57WheezingIE_285.wav,2,3,0,4,0.28,0.07,0.15,0.06,0.44
asthma_v2_asthma_P5AsthmaIU_22.wav,2,3,0,0,0.76,0.02,0.05,0.02,0.15
asthma_v2_asthma_P5AsthmaRS_24.wav,2,3,0,0,0.74,0.01,0.04,0.07,0.14
asthma_v2_asthma_P6AsthmaIE_29.wav,2,3,0,0,0.75,0.15,0.01,0.01,0.08
asthma_v2_asthma_P6AsthmaRL_27.wav,2,3,0,0,0.54,0.0,0.05,0.08,0.33
asthma_v2_asthma_P9AsthmaIE_41.wav,2,3,0,4,0.43,0.02,0.05,0.06,0.44
asthma_v2_asthma_P9AsthmaIE_45.wav,2,3,0,0,0.89,0.06,0.0,0.01,0.04
asthma_v2_copd_P12COPDPr_91.wav,2,3,2,2,0.1,0.04,0.81,0.01,0.04
asthma_v2_copd_P13COPDPr_101.wav,2,3,2,2,0.15,0.05,0.66,0.02,0.12
asthma_v2_copd_P13COPDPr_99.wav,2,3,2,2,0.02,0.28,0.51,0.14,0.05
asthma_v2_copd_P14COPDMc_108.wav,2,3,2,2,0.18,0.0,0.77,0.01,0.04
asthma_v2_copd_P15COPDPr_113.wav,2,3,2,2,0.44,0.05,0.46,0.01,0.04
asthma_v2_copd_P16COPDPr_123.wav,2,3,2,2,0.02,0.0,0.87,0.01,0.1
asthma_v2_copd_P16COPDPr_125.wav,2,3,2,2,0.0,0.0,0.98,0.0,0.02
asthma_v2_copd_P16COPDPr_127.wav,2,3,2,2,0.01,0.0,0.95,0.0,0.04
asthma_v2_copd_P19COPDMc_146.wav,2,3,2,2,0.07,0.03,0.78,0.03,0.09
asthma_v2_copd_P19COPDPr_151.wav,2,3,2,2,0.07,0.05,0.83,0.01,0.04
asthma_v2_copd_P20COPDMc_154.wav,2,3,2,2,0.0,0.01,0.96,0.02,0.01
asthma_v2_copd_P20COPDMc_156.wav,2,3,2,2,0.13,0.07,0.52,0.08,0.2
asthma_v2_copd_P20COPDPr_157.wav,2,3,2,2,0.11,0.06,0.59,0.09,0.15
asthma_v2_copd_P21COPDPr_161.wav,2,3,2,2,0.03,0.03,0.91,0.01,0.02
asthma_v2_copd_P21COPDPr_165.wav,2,3,2,2,0.09,0.12,0.69,0.0,0.1
asthma_v2_copd_P22COPDMc_174.wav,2,3,2,2,0.11,0.0,0.68,0.11,0.1
asthma_v2_copd_P23COPDMc_178.wav,2,3,2,2,0.1,0.05,0.44,0.24,0.17
asthma_v2_copd_P23COPDPr_177.wav,2,3,2,2,0.03,0.02,0.6,0.18,0.17
asthma_v2_copd_P24COPDPr_189.wav,2,3,2,2,0.13,0.0,0.54,0.16,0.17
asthma_v2_copd_P25COPDPr_193.wav,2,3,2,2,0.05,0.0,0.89,0.06,0.0
asthma_v2_copd_P25COPDPr_199.wav,2,3,2,2,0.03,0.01,0.93,0.0,0.03
asthma_v2_copd_P26COPDMc_208.wav,2,3,2,2,0.0,0.05,0.92,0.01,0.02
asthma_v2_copd_P26COPDPr_201.wav,2,3,2,2,0.0,0.0,0.99,0.0,0.01
asthma_v2_copd_P27COPDMc_210.wav,2,3,2,2,0.01,0.0,0.94,0.0,0.05
asthma_v2_copd_P27COPDPr_209.wav,2,3,2,2,0.0,0.01,0.98,0.0,0.01
asthma_v2_copd_P27COPDPr_215.wav,2,3,2,2,0.02,0.01,0.97,0.0,0.0
asthma_v2_copd_P28COPDMc_224.wav,2,3,2,2,0.04,0.0,0.94,0.0,0.02
asthma_v2_copd_P29COPDMc_232.wav,2,3,2,2,0.0,0.0,0.99,0.0,0.01
asthma_v2_copd_P29COPDPr_231.wav,2,3,2,2,0.0,0.0,0.98,0.0,0.02
asthma_v2_copd_P2COPDMc_16.wav,2,3,2,2,0.14,0.02,0.79,0.0,0.05
asthma_v2_copd_P2COPDPr_13.wav,2,3,2,2,0.33,0.01,0.53,0.02,0.11
asthma_v2_copd_P30COPDMc_236.wav,2,3,2,2,0.0,0.0,0.96,0.02,0.02
asthma_v2_copd_P30COPDMc_238.wav,2,3,2,2,0.01,0.0,0.94,0.02,0.03
asthma_v2_copd_P30COPDMc_240.wav,2,3,2,2,0.0,0.0,1.0,0.0,0.0
asthma_v2_copd_P30COPDPr_233.wav,2,3,2,2,0.02,0.0,0.92,0.02,0.04
asthma_v2_copd_P30COPDPr_237.wav,2,3,2,2,0.01,0.0,0.96,0.01,0.02
asthma_v2_copd_P31COPDPr_241.wav,2,3,2,2,0.0,0.0,0.96,0.0,0.04
asthma_v2_copd_P32COPDMc_254.wav,2,3,2,2,0.06,0.01,0.88,0.01,0.04
asthma_v2_copd_P32COPDMc_256.wav,2,3,2,2,0.31,0.05,0.62,0.0,0.02
asthma_v2_copd_P32COPDPr_249.wav,2,3,2,2,0.38,0.06,0.42,0.04,0.1
asthma_v2_copd_P33COPDMc_264.wav,2,3,2,2,0.01,0.45,0.52,0.0,0.02
asthma_v2_copd_P34COPDMc_270.wav,2,3,2,2,0.05,0.31,0.58,0.02,0.04
asthma_v2_copd_P34COPDMc_272.wav,2,3,2,1,0.07,0.47,0.44,0.0,0.02
asthma_v2_copd_P34COPDPr_265.wav,2,3,2,2,0.03,0.43,0.51,0.0,0.03
asthma_v2_copd_P34COPDPr_271.wav,2,3,2,2,0.05,0.23,0.65,0.02,0.05
asthma_v2_copd_P36COPDMc_288.wav,2,3,2,2,0.01,0.31,0.63,0.05,0.0
asthma_v2_copd_P36COPDPr_283.wav,2,3,2,2,0.06,0.04,0.73,0.03,0.14
asthma_v2_copd_P37COPDMc_292.wav,2,3,2,2,0.04,0.03,0.91,0.01,0.01
asthma_v2_copd_P38COPDMc_300.wav,2,3,2,2,0.09,0.02,0.82,0.01,0.06
asthma_v2_copd_P38COPDPr_303.wav,2,3,2,2,0.07,0.01,0.75,0.12,0.05
asthma_v2_copd_P39COPDPr_305.wav,2,3,2,2,0.06,0.01,0.74,0.08,0.11
asthma_v2_copd_P39COPDPr_311.wav,2,3,2,2,0.06,0.1,0.82,0.01,0.01
asthma_v2_copd_P3COPDPr_21.wav,2,3,2,2,0.16,0.04,0.76,0.01,0.03
asthma_v2_copd_P40COPDPr_313.wav,2,3,2,2,0.07,0.02,0.7,0.09,0.12
asthma_v2_copd_P41COPDPr_327.wav,2,3,2,2,0.01,0.0,0.97,0.0,0.02
asthma_v2_copd_P42COPDPr_331.wav,2,3,2,2,0.01,0.0,0.98,0.0,0.01
asthma_v2_copd_P43COPDMc_342.wav,2,3,2,2,0.0,0.0,0.89,0.0,0.11
asthma_v2_copd_P43COPDMc_344.wav,2,3,2,2,0.04,0.02,0.79,0.05,0.1
asthma_v2_copd_P44COPDMc_346.wav,2,3,2,2,0.09,0.01,0.68,0.02,0.2
asthma_v2_copd_P44COPDMc_352.wav,2,3,2,2,0.0,0.0,0.95,0.01,0.04
asthma_v2_copd_P44COPDPr_345.wav,2,3,2,2,0.06,0.04,0.82,0.03,0.05
asthma_v2_copd_P44COPDPr_349.wav,2,3,2,2,0.01,0.07,0.65,0.11,0.16
asthma_v2_copd_P46COPDMc_362.wav,2,3,2,2,0.05,0.0,0.81,0.04,0.1
asthma_v2_copd_P46COPDMc_366.wav,2,3,2,2,0.02,0.02,0.85,0.01,0.1
asthma_v2_copd_P46COPDPr_365.wav,2,3,2,2,0.02,0.0,0.85,0.06,0.07
asthma_v2_copd_P47COPDMc_372.wav,2,3,2,2,0.06,0.03,0.82,0.05,0.04
asthma_v2_copd_P47COPDPr_371.wav,2,3,2,2,0.2,0.12,0.39,0.04,0.25
asthma_v2_copd_P47COPDPr_375.wav,2,3,2,2,0.03,0.01,0.78,0.11,0.07
asthma_v2_copd_P49COPDMc_386.wav,2,3,2,2,0.03,0.0,0.83,0.06,0.08
asthma_v2_copd_P49COPDMc_388.wav,2,3,2,2,0.02,0.01,0.86,0.07,0.04
asthma_v2_copd_P4COPDMc_26.wav,2,3,2,2,0.0,0.01,0.9,0.02,0.07
asthma_v2_copd_P50COPDMc_398.wav,2,3,2,2,0.02,0.0,0.94,0.01,0.03
asthma_v2_copd_P50COPDPr_399.wav,2,3,2,2,0.04,0.0,0.89,0.02,0.05
asthma_v2_copd_P5COPDMc_36.wav,2,3,2,2,0.05,0.02,0.72,0.06,0.15
asthma_v2_copd_P7COPDPr_51.wav,2,3,2,2,0.09,0.02,0.76,0.04,0.09
asthma_v2_copd_P7COPDPr_55.wav,2,3,2,2,0.06,0.04,0.61,0.15,0.14
asthma_v2_copd_P8COPDMc_60.wav,2,3,2,2,0.01,0.01,0.95,0.01,0.02
asthma_v2_copd_P8COPDPr_57.wav,2,3,2,2,0.02,0.02,0.93,0.0,0.03
asthma_v2_copd_P9COPDMc_70.wav,2,3,2,2,0.01,0.0,0.98,0.01,0.0
asthma_v2_copd_P9COPDPr_69.wav,2,3,2,2,0.0,0.0,0.98,0.0,0.02
asthma_v2_healthy_P14Healthy28S.wav,2,3,3,3,0.01,0.01,0.38,0.55,0.05
asthma_v2_healthy_P14Healthy54S.wav,2,3,3,3,0.08,0.07,0.04,0.72,0.09
asthma_v2_healthy_P15Healthy65S.wav,2,3,3,3,0.03,0.04,0.15,0.73,0.05
asthma_v2_healthy_P16Healthy19S.wav,2,3,3,3,0.03,0.0,0.0,0.87,0.1
asthma_v2_healthy_P17Healthy71S.wav,2,3,3,3,0.14,0.04,0.17,0.51,0.14
asthma_v2_healthy_P18Healthy98S.wav,2,3,3,3,0.12,0.03,0.15,0.64,0.06
asthma_v2_healthy_P20Healthy59S.wav,2,3,3,3,0.04,0.01,0.04,0.57,0.34
asthma_v2_healthy_P20Healthy70S.wav,2,3,3,3,0.04,0.02,0.03,0.72,0.19
asthma_v2_healthy_P21Healthy38S.wav,2,3,3,3,0.08,0.0,0.11,0.69,0.12
asthma_v2_healthy_P22Healthy45S.wav,2,3,3,3,0.08,0.02,0.04,0.7,0.16
asthma_v2_healthy_P22Healthy88S.wav,2,3,3,3,0.03,0.0,0.03,0.78,0.16
asthma_v2_healthy_P23Healthy14S.wav,2,3,3,3,0.03,0.0,0.03,0.78,0.16
asthma_v2_healthy_P23Healthy98S.wav,2,3,3,3,0.03,0.01,0.06,0.8,0.1
asthma_v2_healthy_P25Healthy42S.wav,2,3,3,3,0.16,0.01,0.1,0.4,0.33
asthma_v2_healthy_P25Healthy97S.wav,2,3,3,3,0.13,0.02,0.09,0.49,0.27
asthma_v2_healthy_P26Healthy32S.wav,2,3,3,4,0.26,0.08,0.27,0.06,0.33
asthma_v2_healthy_P26Healthy46S.wav,2,3,3,4,0.33,0.03,0.17,0.13,0.34
asthma_v2_healthy_P26Healthy48S.wav,2,3,3,3,0.28,0.01,0.21,0.29,0.21
asthma_v2_healthy_P26Healthy76S.wav,2,3,3,3,0.13,0.01,0.25,0.32,0.29
asthma_v2_healthy_P3Healthy44S.wav,2,3,3,3,0.02,0.14,0.32,0.46,0.06
asthma_v2_healthy_P3Healthy49S.wav,2,3,3,3,0.11,0.02,0.04,0.7,0.13
asthma_v2_healthy_P4Healthy77S.wav,2,3,3,2,0.05,0.24,0.33,0.3,0.08
asthma_v2_healthy_P5Healthy10S.wav,2,3,3,3,0.06,0.19,0.09,0.39,0.27
asthma_v2_healthy_P5Healthy57S.wav,2,3,3,3,0.04,0.01,0.1,0.66,0.19
asthma_v2_healthy_P5Healthy92S.wav,2,3,3,3,0.1,0.03,0.03,0.78,0.06
asthma_v2_healthy_P8Healthy70S.wav,2,3,3,3,0.06,0.12,0.18,0.58,0.06
asthma_v2_healthy_P9Healthy22S.wav,2,3,3,3,0.0,0.05,0.11,0.83,0.01
asthma_v2_pneumonia_P10Pneumonia52A.wav,2,3,4,4,0.06,0.03,0.37,0.03,0.51
asthma_v2_pneumonia_P10Pneumonia80J.wav,2,3,4,4,0.02,0.06,0.33,0.08,0.51
asthma_v2_pneumonia_P10Pneumonia93W.wav,2,3,4,4,0.16,0.06,0.22,0.16,0.4
asthma_v2_pneumonia_P11Pneumonia58A.wav,2,3,4,4,0.22,0.01,0.05,0.09,0.63
asthma_v2_pneumonia_P11Pneumonia98J.wav,2,3,4,4,0.1,0.01,0.06,0.26,0.57
asthma_v2_pneumonia_P13Pneumonia94T.wav,2,3,4,4,0.06,0.05,0.17,0.09,0.63
asthma_v2_pneumonia_P15Pneumonia16R.wav,2,3,4,4,0.05,0.12,0.31,0.06,0.46
asthma_v2_pneumonia_P15Pneumonia56Z.wav,2,3,4,4,0.04,0.08,0.38,0.02,0.48
asthma_v2_pneumonia_P15Pneumonia81V.wav,2,3,4,4,0.01,0.01,0.0,0.01,0.97
asthma_v2_pneumonia_P16Pneumonia56J.wav,2,3,4,4,0.05,0.01,0.03,0.08,0.83
asthma_v2_pneumonia_P16Pneumonia78M.wav,2,3,4,4,0.13,0.0,0.11,0.09,0.67
asthma_v2_pneumonia_P17Pneumonia57K.wav,2,3,4,4,0.0,0.0,0.0,0.0,1.0
asthma_v2_pneumonia_P18Pneumonia50S.wav,2,3,4,4,0.0,0.0,0.0,0.01,0.99
asthma_v2_pneumonia_P1Pneumonia97M.wav,2,3,4,4,0.0,0.0,0.0,0.0,1.0
asthma_v2_pneumonia_P21Pneumonia95A.wav,2,3,4,4,0.13,0.02,0.13,0.14,0.58
asthma_v2_pneumonia_P22Pneumonia27A.wav,2,3,4,4,0.34,0.02,0.05,0.02,0.57
asthma_v2_pneumonia_P22Pneumonia55C.wav,2,3,4,4,0.37,0.02,0.07,0.0,0.54
asthma_v2_pneumonia_P23Pneumonia19A.wav,2,3,4,4,0.1,0.01,0.07,0.0,0.82
asthma_v2_pneumonia_P25Pneumonia30I.wav,2,3,4,4,0.19,0.01,0.03,0.26,0.51
asthma_v2_pneumonia_P25Pneumonia42V.wav,2,3,4,3,0.21,0.03,0.03,0.43,0.3
asthma_v2_pneumonia_P26Pneumonia84P.wav,2,3,4,4,0.07,0.0,0.02,0.09,0.82
asthma_v2_pneumonia_P27Pneumonia25R.wav,2,3,4,4,0.1,0.0,0.0,0.01,0.89
asthma_v2_pneumonia_P27Pneumonia28K.wav,2,3,4,4,0.04,0.01,0.07,0.02,0.86
asthma_v2_pneumonia_P27Pneumonia37T.wav,2,3,4,4,0.11,0.02,0.37,0.06,0.44
asthma_v2_pneumonia_P28Pneumonia56Y.wav,2,3,4,4,0.05,0.0,0.0,0.01,0.94
asthma_v2_pneumonia_P29Pneumonia51O.wav,2,3,4,4,0.01,0.0,0.02,0.04,0.93
asthma_v2_pneumonia_P31Pneumonia47D.wav,2,3,4,4,0.01,0.0,0.0,0.0,0.99
asthma_v2_pneumonia_P32Pneumonia69E.wav,2,3,4,4,0.04,0.01,0.01,0.0,0.94
asthma_v2_pneumonia_P34Pneumonia61E.wav,2,3,4,4,0.17,0.0,0.02,0.02,0.79
asthma_v2_pneumonia_P35Pneumonia99V.wav,2,3,4,4,0.04,0.0,0.01,0.02,0.93
asthma_v2_pneumonia_P37Pneumonia83S.wav,2,3,4,4,0.38,0.05,0.01,0.07,0.49
asthma_v2_pneumonia_P37Pneumonia84E.wav,2,3,4,4,0.23,0.0,0.09,0.12,0.56
asthma_v2_pneumonia_P38Pneumonia61R.wav,2,3,4,0,0.67,0.01,0.1,0.02,0.2
asthma_v2_pneumonia_P39Pneumonia16K.wav,2,3,4,0,0.57,0.03,0.09,0.09,0.22
asthma_v2_pneumonia_P39Pneumonia49H.wav,2,3,4,0,0.39,0.1,0.15,0.05,0.31
asthma_v2_pneumonia_P39Pneumonia87S.wav,2,3,4,0,0.46,0.11,0.15,0.05,0.23
asthma_v2_pneumonia_P3Pneumonia96L.wav,2,3,4,4,0.11,0.0,0.02,0.03,0.84
asthma_v2_pneumonia_P40Pneumonia18H.wav,2,3,4,0,0.43,0.04,0.24,0.02,0.27
asthma_v2_pneumonia_P42Pneumonia27A.wav,2,3,4,0,0.69,0.02,0.07,0.02,0.2
asthma_v2_pneumonia_P42Pneumonia46D.wav,2,3,4,0,0.6,0.03,0.11,0.04,0.22
asthma_v2_pneumonia_P43Pneumonia53X.wav,2,3,4,4,0.21,0.0,0.11,0.2,0.48
asthma_v2_pneumonia_P43Pneumonia89T.wav,2,3,4,4,0.06,0.0,0.15,0.15,0.64
asthma_v2_pneumonia_P44Pneumonia65N.wav,2,3,4,4,0.2,0.08,0.06,0.1,0.56
asthma_v2_pneumonia_P44Pneumonia71M.wav,2,3,4,4,0.21,0.0,0.11,0.2,0.48
asthma_v2_pneumonia_P46Pneumonia15W.wav,2,3,4,4,0.23,0.02,0.19,0.15,0.41
asthma_v2_pneumonia_P46Pneumonia80D.wav,2,3,4,4,0.02,0.0,0.07,0.17,0.74
asthma_v2_pneumonia_P46Pneumonia99Y.wav,2,3,4,2,0.19,0.02,0.37,0.17,0.25
asthma_v2_pneumonia_P48Pneumonia61T.wav,2,3,4,4,0.07,0.02,0.05,0.12,0.74
asthma_v2_pneumonia_P48Pneumonia82Z.wav,2,3,4,4,0.07,0.01,0.08,0.09,0.75
asthma_v2_pneumonia_P4Pneumonia55U.wav,2,3,4,4,0.06,0.01,0.09,0.1,0.74
asthma_v2_pneumonia_P5Pneumonia20K.wav,2,3,4,4,0.02,0.0,0.17,0.15,0.66
asthma_v2_pneumonia_P7Pneumonia34I.wav,2,3,4,4,0.04,0.0,0.12,0.13,0.71
asthma_v2_pneumonia_P7Pneumonia61Q.wav,2,3,4,4,0.04,0.0,0.05,0.09,0.82
asthma_v2_pneumonia_P8Pneumonia14Z.wav,2,3,4,4,0.12,0.0,0.04,0.12,0.72
asthma_v2_pneumonia_P8Pneumonia28V.wav,2,3,4,3,0.0,0.01,0.06,0.5,0.43
asthma_v2_pneumonia_P9Pneumonia74S.wav,2,3,4,4,0.28,0.0,0.05,0.03,0.64
asthma_v2_pneumonia_P9Pneumonia74V.wav,2,3,4,4,0.1,0.0,0.02,0.22,0.66
asthma_v2_Bronchial_P12BronchialSc_58.wav,2,4,1,0,0.88,0.02,0.05,0.02,0.03
asthma_v2_Bronchial_P13BronchialTc_63.wav,2,4,1,0,0.42,0.06,0.32,0.07,0.13
asthma_v2_Bronchial_P14BronchialSc_70.wav,2,4,1,1,0.01,0.98,0.01,0.0,0.0
asthma_v2_Bronchial_P15BronchialTc_71.wav,2,4,1,1,0.0,0.91,0.05,0.0,0.04
asthma_v2_Bronchial_P17BronchialTc_81.wav,2,4,1,1,0.12,0.48,0.25,0.04,0.11
asthma_v2_Bronchial_P17BronchialTc_85.wav,2,4,1,1,0.01,0.73,0.19,0.01,0.06
asthma_v2_Bronchial_P18BronchialSc_86.wav,2,4,1,1,0.01,0.68,0.2,0.02,0.09
asthma_v2_Bronchial_P19BronchialSc_92.wav,2,4,1,1,0.01,0.91,0.07,0.0,0.01
asthma_v2_Bronchial_P19BronchialSc_94.wav,2,4,1,1,0.0,0.87,0.12,0.0,0.01
asthma_v2_Bronchial_P1BronchialTc_5.wav,2,4,1,1,0.02,0.74,0.18,0.04,0.02
asthma_v2_Bronchial_P21BronchialSc_102.wav,2,4,1,4,0.19,0.24,0.17,0.09,0.31
asthma_v2_Bronchial_P2BronchialSc_6.wav,2,4,1,1,0.02,0.71,0.22,0.02,0.03
asthma_v2_Bronchial_P2BronchialSc_8.wav,2,4,1,1,0.17,0.35,0.17,0.17,0.14
asthma_v2_Bronchial_P2BronchialTc_7.wav,2,4,1,1,0.16,0.36,0.16,0.23,0.09
asthma_v2_Bronchial_P2BronchialTc_9.wav,2,4,1,2,0.19,0.21,0.22,0.21,0.17
asthma_v2_Bronchial_P3BronchialSc_12.wav,2,4,1,1,0.04,0.5,0.12,0.28,0.06
asthma_v2_Bronchial_P3BronchialTc_15.wav,2,4,1,1,0.01,0.87,0.04,0.04,0.04
asthma_v2_Bronchial_P4BronchialTc_19.wav,2,4,1,1,0.06,0.61,0.13,0.13,0.07
asthma_v2_Bronchial_P7BronchialTc_33.wav,2,4,1,1,0.0,0.98,0.02,0.0,0.0
asthma_v2_Bronchial_P7BronchialTc_35.wav,2,4,1,1,0.03,0.89,0.06,0.01,0.01
asthma_v2_asthma_P10AsthmaRS_48.wav,2,4,0,0,0.83,0.06,0.01,0.01,0.09
asthma_v2_asthma_P11WheezingIU_54.wav,2,4,0,0,0.69,0.06,0.05,0.03,0.17
asthma_v2_asthma_P12WheezingIE_57.wav,2,4,0,0,0.73,0.0,0.07,0.02,0.18
asthma_v2_asthma_P12WheezingIU_58.wav,2,4,0,0,0.77,0.0,0.07,0.02,0.14
asthma_v2_asthma_P13WheezingIE_61.wav,2,4,0,0,0.87,0.07,0.02,0.01,0.03
asthma_v2_asthma_P14WheezingIU_66.wav,2,4,0,0,0.87,0.07,0.0,0.0,0.06
asthma_v2_asthma_P15WheezingRL_71.wav,2,4,0,0,0.61,0.02,0.11,0.03,0.23
asthma_v2_asthma_P17WheezingIE_81.wav,2,4,0,0,0.85,0.02,0.03,0.01,0.09
asthma_v2_asthma_P17WheezingRL_83.wav,2,4,0,0,0.93,0.03,0.01,0.0,0.03
asthma_v2_asthma_P18WheezingIU_90.wav,2,4,0,0,0.89,0.03,0.04,0.0,0.04
asthma_v2_asthma_P20WheezingIE_97.wav,2,4,0,0,0.4,0.06,0.2,0.08,0.26
asthma_v2_asthma_P21WheezingRS_104.wav,2,4,0,0,0.72,0.08,0.08,0.0,0.12
asthma_v2_asthma_P22WheezingIE_109.wav,2,4,0,0,0.79,0.03,0.03,0.03,0.12
asthma_v2_asthma_P23WheezingIE_113.wav,2,4,0,0,0.82,0.04,0.06,0.0,0.08
asthma_v2_asthma_P23WheezingRS_112.wav,2,4,0,0,0.84,0.03,0.04,0.0,0.09
asthma_v2_asthma_P24WheezingRS_116.wav,2,4,0,0,0.63,0.01,0.13,0.04,0.19
asthma_v2_asthma_P27WheezingRL_135.wav,2,4,0,0,0.55,0.07,0.12,0.08,0.18
asthma_v2_asthma_P28WheezingRL_139.wav,2,4,0,2,0.27,0.1,0.37,0.06,0.2
asthma_v2_asthma_P28WheezingRS_140.wav,2,4,0,0,0.52,0.11,0.1,0.09,0.18
asthma_v2_asthma_P29WheezingRS_144.wav,2,4,0,0,0.55,0.01,0.14,0.01,0.29
asthma_v2_asthma_P2AsthmaIE_9.wav,2,4,0,0,0.9,0.05,0.02,0.0,0.03
asthma_v2_asthma_P30WheezingIE_149.wav,2,4,0,0,0.75,0.02,0.04,0.02,0.17
asthma_v2_asthma_P32WheezingIU_158.wav,2,4,0,0,0.57,0.03,0.15,0.01,0.24
asthma_v2_asthma_P32WheezingRL_159.wav,2,4,0,0,0.33,0.07,0.28,0.01,0.31
asthma_v2_asthma_P32WheezingRS_156.wav,2,4,0,0,0.52,0.05,0.19,0.03,0.21
asthma_v2_asthma_P33WheezingIE_161.wav,2,4,0,0,0.65,0.01,0.14,0.03,0.17
asthma_v2_asthma_P33WheezingRL_163.wav,2,4,0,0,0.55,0.01,0.1,0.03,0.31
asthma_v2_asthma_P34WheezingRS_168.wav,2,4,0,0,0.79,0.04,0.04,0.04,0.09
asthma_v2_asthma_P35WheezingIE_173.wav,2,4,0,0,0.78,0.01,0.11,0.0,0.1
asthma_v2_asthma_P35WheezingRL_171.wav,2,4,0,0,0.94,0.01,0.0,0.0,0.05
asthma_v2_asthma_P36WheezingIU_178.wav,2,4,0,0,0.9,0.0,0.04,0.0,0.06
asthma_v2_asthma_P37WheezingIE_181.wav,2,4,0,0,0.63,0.03,0.23,0.02,0.09
asthma_v2_asthma_P37WheezingRL_183.wav,2,4,0,0,0.79,0.0,0.18,0.02,0.01
asthma_v2_asthma_P37WheezingRS_184.wav,2,4,0,0,0.42,0.06,0.22,0.05,0.25
asthma_v2_asthma_P38WheezingRL_187.wav,2,4,0,0,0.66,0.03,0.1,0.05,0.16
asthma_v2_asthma_P38WheezingRS_188.wav,2,4,0,0,0.43,0.02,0.33,0.03,0.19
asthma_v2_asthma_P3AsthmaIU_14.wav,2,4,0,0,0.85,0.05,0.02,0.0,0.08
asthma_v2_asthma_P42WheezingIU_206.wav,2,4,0,2,0.33,0.01,0.55,0.01,0.1
asthma_v2_asthma_P43WheezingRL_215.wav,2,4,0,0,0.71,0.01,0.08,0.01,0.19
asthma_v2_asthma_P46WheezingIU_226.wav,2,4,0,0,0.58,0.08,0.24,0.0,0.1
asthma_v2_asthma_P47WheezingRL_231.wav,2,4,0,0,0.41,0.08,0.24,0.05,0.22
asthma_v2_asthma_P47WheezingRL_235.wav,2,4,0,0,0.77,0.03,0.08,0.0,0.12
asthma_v2_asthma_P50WheezingIU_246.wav,2,4,0,0,0.63,0.04,0.09,0.03,0.21
asthma_v2_asthma_P50WheezingIU_250.wav,2,4,0,0,0.81,0.02,0.03,0.02,0.12
asthma_v2_asthma_P53WheezingIE_261.wav,2,4,0,0,0.45,0.33,0.03,0.0,0.19
asthma_v2_asthma_P53WheezingIE_265.wav,2,4,0,2,0.18,0.05,0.35,0.19,0.23
asthma_v2_asthma_P53WheezingRS_264.wav,2,4,0,2,0.15,0.13,0.29,0.23,0.2
asthma_v2_asthma_P54WheezingIE_269.wav,2,4,0,4,0.21,0.1,0.24,0.11,0.34
asthma_v2_asthma_P56WheezingRS_276.wav,2,4,0,0,0.36,0.08,0.17,0.11,0.28
asthma_v2_asthma_P56WheezingRS_280.wav,2,4,0,3,0.26,0.0,0.06,0.48,0.2
asthma_v2_asthma_P57WheezingIU_282.wav,2,4,0,3,0.07,0.0,0.02,0.6,0.31
asthma_v2_asthma_P58WheezingRL_287.wav,2,4,0,0,0.5,0.08,0.04,0.05,0.33
asthma_v2_asthma_P5AsthmaRL_23.wav,2,4,0,0,0.94,0.0,0.0,0.02,0.04
asthma_v2_asthma_P6AsthmaIU_26.wav,2,4,0,0,0.54,0.02,0.06,0.02,0.36
asthma_v2_asthma_P7AsthmaRS_32.wav,2,4,0,4,0.22,0.03,0.04,0.1,0.61
asthma_v2_asthma_P8AsthmaRS_36.wav,2,4,0,0,0.79,0.12,0.0,0.0,0.09
asthma_v2_asthma_P8AsthmaRS_40.wav,2,4,0,0,0.41,0.03,0.24,0.07,0.25
asthma_v2_asthma_P9AsthmaRL_43.wav,2,4,0,0,0.72,0.01,0.04,0.02,0.21
asthma_v2_copd_P10COPDMc_78.wav,2,4,2,0,0.71,0.08,0.12,0.01,0.08
asthma_v2_copd_P11COPDMc_82.wav,2,4,2,0,0.76,0.03,0.07,0.01,0.13
asthma_v2_copd_P11COPDPr_81.wav,2,4,2,0,0.81,0.08,0.06,0.01,0.04
asthma_v2_copd_P11COPDPr_87.wav,2,4,2,2,0.05,0.01,0.93,0.0,0.01
asthma_v2_copd_P12COPDPr_89.wav,2,4,2,2,0.06,0.04,0.87,0.02,0.01
asthma_v2_copd_P13COPDMc_104.wav,2,4,2,2,0.1,0.12,0.65,0.04,0.09
asthma_v2_copd_P14COPDMc_106.wav,2,4,2,2,0.07,0.03,0.69,0.07,0.14
asthma_v2_copd_P14COPDPr_107.wav,2,4,2,2,0.26,0.04,0.64,0.0,0.06
asthma_v2_copd_P15COPDPr_117.wav,2,4,2,0,0.56,0.03,0.37,0.0,0.04
asthma_v2_copd_P16COPDMc_126.wav,2,4,2,2,0.03,0.0,0.84,0.02,0.11
asthma_v2_copd_P17COPDMc_136.wav,2,4,2,2,0.06,0.0,0.86,0.02,0.06
asthma_v2_copd_P18COPDMc_138.wav,2,4,2,2,0.04,0.02,0.88,0.01,0.05
asthma_v2_copd_P18COPDMc_144.wav,2,4,2,2,0.01,0.1,0.84,0.03,0.02
asthma_v2_copd_P19COPDMc_148.wav,2,4,2,2,0.04,0.04,0.83,0.03,0.06
asthma_v2_copd_P19COPDMc_150.wav,2,4,2,2,0.1,0.05,0.6,0.01,0.24
asthma_v2_copd_P19COPDPr_145.wav,2,4,2,2,0.02,0.1,0.83,0.02,0.03
asthma_v2_copd_P19COPDPr_147.wav,2,4,2,2,0.1,0.03,0.79,0.0,0.08
asthma_v2_copd_P19COPDPr_149.wav,2,4,2,2,0.04,0.06,0.74,0.03,0.13
asthma_v2_copd_P1COPDMc_4.wav,2,4,2,2,0.16,0.02,0.53,0.05,0.24
asthma_v2_copd_P20COPDPr_155.wav,2,4,2,2,0.11,0.03,0.64,0.05,0.17
asthma_v2_copd_P21COPDMc_164.wav,2,4,2,2,0.06,0.14,0.78,0.0,0.02
asthma_v2_copd_P21COPDMc_166.wav,2,4,2,2,0.14,0.15,0.63,0.01,0.07
asthma_v2_copd_P22COPDPr_169.wav,2,4,2,2,0.0,0.0,0.97,0.01,0.02
asthma_v2_copd_P22COPDPr_171.wav,2,4,2,2,0.02,0.01,0.92,0.03,0.02
asthma_v2_copd_P23COPDPr_179.wav,2,4,2,2,0.01,0.01,0.92,0.03,0.03
asthma_v2_copd_P23COPDPr_181.wav,2,4,2,2,0.01,0.0,0.95,0.02,0.02
asthma_v2_copd_P24COPDMc_190.wav,2,4,2,2,0.09,0.04,0.59,0.18,0.1
asthma_v2_copd_P24COPDPr_185.wav,2,4,2,2,0.05,0.02,0.81,0.03,0.09
asthma_v2_copd_P24COPDPr_187.wav,2,4,2,2,0.07,0.01,0.82,0.02,0.08
asthma_v2_copd_P25COPDMc_194.wav,2,4,2,2,0.03,0.05,0.85,0.05,0.02
asthma_v2_copd_P27COPDMc_212.wav,2,4,2,2,0.0,0.0,1.0,0.0,0.0
asthma_v2_copd_P27COPDMc_214.wav,2,4,2,2,0.01,0.01,0.93,0.01,0.04
asthma_v2_copd_P28COPDMc_218.wav,2,4,2,2,0.07,0.01,0.88,0.02,0.02
asthma_v2_copd_P28COPDMc_222.wav,2,4,2,2,0.0,0.02,0.92,0.02,0.04
asthma_v2_copd_P30COPDPr_239.wav,2,4,2,2,0.0,0.0,0.98,0.01,0.01
asthma_v2_copd_P31COPDPr_243.wav,2,4,2,2,0.07,0.04,0.55,0.21,0.13
asthma_v2_copd_P31COPDPr_245.wav,2,4,2,2,0.08,0.0,0.87,0.01,0.04
asthma_v2_copd_P31COPDPr_247.wav,2,4,2,2,0.1,0.0,0.86,0.01,0.03
asthma_v2_copd_P33COPDMc_258.wav,2,4,2,0,0.27,0.09,0.25,0.24,0.15
asthma_v2_copd_P33COPDMc_260.wav,2,4,2,2,0.11,0.08,0.5,0.09,0.22
asthma_v2_copd_P35COPDMc_280.wav,2,4,2,2,0.0,0.01,0.96,0.01,0.02
asthma_v2_copd_P35COPDPr_277.wav,2,4,2,2,0.02,0.06,0.83,0.06,0.03
asthma_v2_copd_P35COPDPr_279.wav,2,4,2,2,0.01,0.0,0.95,0.01,0.03
asthma_v2_copd_P36COPDPr_285.wav,2,4,2,2,0.05,0.01,0.89,0.0,0.05
asthma_v2_copd_P37COPDPr_289.wav,2,4,2,2,0.01,0.17,0.75,0.04,0.03
asthma_v2_copd_P38COPDMc_298.wav,2,4,2,2,0.18,0.02,0.67,0.01,0.12
asthma_v2_copd_P39COPDMc_308.wav,2,4,2,2,0.01,0.12,0.8,0.03,0.04
asthma_v2_copd_P3COPDPr_17.wav,2,4,2,0,0.47,0.04,0.42,0.04,0.03
asthma_v2_copd_P3COPDPr_23.wav,2,4,2,2,0.05,0.03,0.89,0.02,0.01
asthma_v2_copd_P41COPDMc_322.wav,2,4,2,2,0.0,0.02,0.96,0.01,0.01
asthma_v2_copd_P41COPDMc_324.wav,2,4,2,2,0.01,0.04,0.88,0.03,0.04
asthma_v2_copd_P41COPDPr_323.wav,2,4,2,2,0.01,0.0,0.89,0.03,0.07
asthma_v2_copd_P42COPDMc_336.wav,2,4,2,2,0.04,0.02,0.85,0.06,0.03
asthma_v2_copd_P42COPDPr_335.wav,2,4,2,2,0.05,0.02,0.76,0.1,0.07
asthma_v2_copd_P45COPDMc_354.wav,2,4,2,2,0.02,0.04,0.62,0.1,0.22
asthma_v2_copd_P45COPDMc_360.wav,2,4,2,3,0.1,0.01,0.23,0.43,0.23
asthma_v2_copd_P45COPDPr_355.wav,2,4,2,2,0.0,0.0,0.95,0.03,0.02
asthma_v2_copd_P45COPDPr_359.wav,2,4,2,3,0.09,0.01,0.28,0.46,0.16
asthma_v2_copd_P46COPDMc_368.wav,2,4,2,2,0.02,0.05,0.79,0.05,0.09
asthma_v2_copd_P46COPDPr_363.wav,2,4,2,2,0.07,0.0,0.81,0.05,0.07
asthma_v2_copd_P47COPDMc_370.wav,2,4,2,2,0.15,0.1,0.55,0.08,0.12
asthma_v2_copd_P47COPDMc_374.wav,2,4,2,2,0.03,0.05,0.59,0.23,0.1
asthma_v2_copd_P48COPDPr_377.wav,2,4,2,2,0.0,0.02,0.87,0.03,0.08
asthma_v2_copd_P49COPDPr_387.wav,2,4,2,2,0.03,0.02,0.81,0.1,0.04
asthma_v2_copd_P49COPDPr_391.wav,2,4,2,2,0.01,0.0,0.95,0.0,0.04
asthma_v2_copd_P4COPDMc_28.wav,2,4,2,2,0.04,0.01,0.85,0.02,0.08
asthma_v2_copd_P4COPDMc_30.wav,2,4,2,2,0.16,0.01,0.57,0.12,0.14
asthma_v2_copd_P4COPDPr_29.wav,2,4,2,2,0.04,0.03,0.85,0.01,0.07
asthma_v2_copd_P50COPDMc_394.wav,2,4,2,2,0.01,0.0,0.94,0.03,0.02
asthma_v2_copd_P51COPDPr_401.wav,2,4,2,2,0.01,0.01,0.92,0.03,0.03
asthma_v2_copd_P5COPDPr_37.wav,2,4,2,2,0.04,0.04,0.76,0.06,0.1
asthma_v2_copd_P5COPDPr_39.wav,2,4,2,2,0.03,0.01,0.72,0.12,0.12
asthma_v2_copd_P6COPDMc_42.wav,2,4,2,2,0.02,0.02,0.86,0.03,0.07
asthma_v2_copd_P6COPDMc_48.wav,2,4,2,2,0.07,0.01,0.72,0.04,0.16
asthma_v2_copd_P6COPDPr_41.wav,2,4,2,2,0.06,0.0,0.86,0.02,0.06
asthma_v2_copd_P7COPDMc_50.wav,2,4,2,2,0.04,0.01,0.81,0.05,0.09
asthma_v2_copd_P8COPDPr_61.wav,2,4,2,2,0.0,0.0,0.97,0.02,0.01
asthma_v2_copd_P9COPDMc_72.wav,2,4,2,2,0.01,0.0,0.98,0.01,0.0
asthma_v2_copd_P9COPDPr_67.wav,2,4,2,2,0.04,0.0,0.86,0.02,0.08
asthma_v2_copd_P9COPDPr_71.wav,2,4,2,2,0.0,0.0,0.99,0.01,0.0
asthma_v2_healthy_P10Healthy65S.wav,2,4,3,3,0.05,0.0,0.06,0.52,0.37
asthma_v2_healthy_P11Healthy38S.wav,2,4,3,3,0.05,0.03,0.1,0.8,0.02
asthma_v2_healthy_P12Healthy67S.wav,2,4,3,3,0.17,0.06,0.21,0.34,0.22
asthma_v2_healthy_P12Healthy99S.wav,2,4,3,3,0.13,0.03,0.17,0.5,0.17
asthma_v2_healthy_P13Healthy48S.wav,2,4,3,3,0.06,0.06,0.14,0.71,0.03
asthma_v2_healthy_P14Healthy53S.wav,2,4,3,3,0.01,0.03,0.17,0.77,0.02
asthma_v2_healthy_P15Healthy14S.wav,2,4,3,3,0.08,0.09,0.18,0.43,0.22
asthma_v2_healthy_P16Healthy26S.wav,2,4,3,3,0.02,0.01,0.0,0.91,0.06
asthma_v2_healthy_P16Healthy38S.wav,2,4,3,3,0.05,0.0,0.0,0.88,0.07
asthma_v2_healthy_P17Healthy22S.wav,2,4,3,3,0.04,0.02,0.11,0.42,0.41
asthma_v2_healthy_P19Healthy55S.wav,2,4,3,3,0.04,0.02,0.03,0.65,0.26
asthma_v2_healthy_P21Healthy98S.wav,2,4,3,4,0.32,0.1,0.04,0.2,0.34
asthma_v2_healthy_P22Healthy50S.wav,2,4,3,4,0.26,0.08,0.07,0.2,0.39
asthma_v2_healthy_P22Healthy94S.wav,2,4,3,3,0.28,0.09,0.02,0.49,0.12
asthma_v2_healthy_P23Healthy24S.wav,2,4,3,3,0.02,0.0,0.0,0.86,0.12
asthma_v2_healthy_P24Healthy62S.wav,2,4,3,3,0.09,0.03,0.2,0.44,0.24
asthma_v2_healthy_P24Healthy95S.wav,2,4,3,3,0.14,0.05,0.28,0.32,0.21
asthma_v2_healthy_P2Healthy89S.wav,2,4,3,3,0.11,0.02,0.11,0.46,0.3
asthma_v2_healthy_P3Healthy57S.wav,2,4,3,3,0.11,0.02,0.08,0.49,0.3
asthma_v2_healthy_P4Healthy12S.wav,2,4,3,0,0.33,0.02,0.1,0.27,0.28
asthma_v2_healthy_P6Healthy71S.wav,2,4,3,3,0.03,0.27,0.19,0.44,0.07
asthma_v2_healthy_P7Healthy94S.wav,2,4,3,3,0.12,0.03,0.14,0.61,0.1
asthma_v2_healthy_P8Healthy33S.wav,2,4,3,3,0.08,0.02,0.26,0.48,0.16
asthma_v2_healthy_P8Healthy35S.wav,2,4,3,3,0.15,0.01,0.17,0.53,0.14
asthma_v2_healthy_P8Healthy48S.wav,2,4,3,3,0.07,0.01,0.17,0.6,0.15
asthma_v2_healthy_P9Healthy29S.wav,2,4,3,3,0.11,0.0,0.01,0.53,0.35
asthma_v2_healthy_P9Healthy79S.wav,2,4,3,3,0.05,0.0,0.12,0.59,0.24
asthma_v2_pneumonia_P10Pneumonia73G.wav,2,4,4,4,0.22,0.0,0.35,0.01,0.42
asthma_v2_pneumonia_P12Pneumonia23P.wav,2,4,4,4,0.03,0.09,0.16,0.1,0.62
asthma_v2_pneumonia_P12Pneumonia44H.wav,2,4,4,4,0.21,0.03,0.26,0.02,0.48
asthma_v2_pneumonia_P12Pneumonia45B.wav,2,4,4,4,0.26,0.02,0.23,0.05,0.44
asthma_v2_pneumonia_P12Pneumonia46L.wav,2,4,4,4,0.1,0.04,0.07,0.03,0.76
asthma_v2_pneumonia_P12Pneumonia59Q.wav,2,4,4,2,0.23,0.02,0.42,0.02,0.31
asthma_v2_pneumonia_P13Pneumonia20R.wav,2,4,4,4,0.05,0.0,0.05,0.13,0.77
asthma_v2_pneumonia_P14Pneumonia19W.wav,2,4,4,4,0.4,0.0,0.16,0.01,0.43
asthma_v2_pneumonia_P16Pneumonia80G.wav,2,4,4,4,0.05,0.0,0.01,0.02,0.92
asthma_v2_pneumonia_P17Pneumonia49T.wav,2,4,4,4,0.0,0.0,0.0,0.0,1.0
asthma_v2_pneumonia_P17Pneumonia91K.wav,2,4,4,2,0.03,0.01,0.47,0.07,0.42
asthma_v2_pneumonia_P1Pneumonia10T.wav,2,4,4,4,0.01,0.0,0.0,0.01,0.98
asthma_v2_pneumonia_P1Pneumonia39F.wav,2,4,4,4,0.0,0.0,0.0,0.0,1.0
asthma_v2_pneumonia_P20Pneumonia27V.wav,2,4,4,4,0.15,0.0,0.04,0.03,0.78
asthma_v2_pneumonia_P20Pneumonia42B.wav,2,4,4,4,0.1,0.01,0.04,0.11,0.74
asthma_v2_pneumonia_P20Pneumonia84L.wav,2,4,4,4,0.12,0.01,0.03,0.1,0.74
asthma_v2_pneumonia_P21Pneumonia56M.wav,2,4,4,4,0.03,0.0,0.02,0.01,0.94
asthma_v2_pneumonia_P22Pneumonia29K.wav,2,4,4,4,0.36,0.01,0.0,0.01,0.62
asthma_v2_pneumonia_P22Pneumonia47V.wav,2,4,4,4,0.0,0.0,0.0,0.01,0.99
asthma_v2_pneumonia_P24Pneumonia54A.wav,2,4,4,4,0.01,0.0,0.02,0.0,0.97
asthma_v2_pneumonia_P24Pneumonia91X.wav,2,4,4,4,0.11,0.02,0.08,0.03,0.76
asthma_v2_pneumonia_P25Pneumonia16B.wav,2,4,4,4,0.07,0.0,0.05,0.08,0.8
asthma_v2_pneumonia_P25Pneumonia97D.wav,2,4,4,4,0.13,0.0,0.05,0.08,0.74
asthma_v2_pneumonia_P26Pneumonia72P.wav,2,4,4,4,0.07,0.01,0.06,0.09,0.77
asthma_v2_pneumonia_P27Pneumonia48G.wav,2,4,4,4,0.1,0.01,0.36,0.02,0.51
asthma_v2_pneumonia_P28Pneumonia43J.wav,2,4,4,4,0.06,0.03,0.05,0.18,0.68
asthma_v2_pneumonia_P28Pneumonia90E.wav,2,4,4,4,0.12,0.15,0.16,0.02,0.55
asthma_v2_pneumonia_P29Pneumonia17N.wav,2,4,4,4,0.08,0.01,0.02,0.02,0.87
asthma_v2_pneumonia_P2Pneumonia28R.wav,2,4,4,4,0.0,0.01,0.02,0.0,0.97
asthma_v2_pneumonia_P2Pneumonia82A.wav,2,4,4,4,0.01,0.0,0.0,0.0,0.99
asthma_v2_pneumonia_P30Pneumonia10C.wav,2,4,4,4,0.0,0.0,0.0,0.0,1.0
asthma_v2_pneumonia_P30Pneumonia52T.wav,2,4,4,4,0.05,0.01,0.01,0.06,0.87
asthma_v2_pneumonia_P31Pneumonia16C.wav,2,4,4,4,0.01,0.02,0.04,0.03,0.9
asthma_v2_pneumonia_P32Pneumonia98Y.wav,2,4,4,4,0.01,0.0,0.0,0.0,0.99
asthma_v2_pneumonia_P34Pneumonia36H.wav,2,4,4,4,0.04,0.0,0.0,0.02,0.94
asthma_v2_pneumonia_P34Pneumonia99G.wav,2,4,4,4,0.03,0.0,0.0,0.0,0.97
asthma_v2_pneumonia_P35Pneumonia46U.wav,2,4,4,4,0.06,0.01,0.0,0.03,0.9
asthma_v2_pneumonia_P35Pneumonia75E.wav,2,4,4,4,0.01,0.0,0.02,0.01,0.96
asthma_v2_pneumonia_P36Pneumonia57U.wav,2,4,4,0,0.78,0.1,0.0,0.01,0.11
asthma_v2_pneumonia_P36Pneumonia79Z.wav,2,4,4,4,0.02,0.0,0.0,0.02,0.96
asthma_v2_pneumonia_P36Pneumonia85U.wav,2,4,4,4,0.01,0.0,0.0,0.0,0.99
asthma_v2_pneumonia_P37Pneumonia73K.wav,2,4,4,0,0.76,0.01,0.01,0.01,0.21
asthma_v2_pneumonia_P38Pneumonia23A.wav,2,4,4,0,0.63,0.19,0.0,0.01,0.17
asthma_v2_pneumonia_P38Pneumonia41S.wav,2,4,4,0,0.71,0.0,0.03,0.03,0.23
asthma_v2_pneumonia_P39Pneumonia78Z.wav,2,4,4,0,0.76,0.0,0.01,0.02,0.21
asthma_v2_pneumonia_P3Pneumonia75Z.wav,2,4,4,4,0.15,0.01,0.19,0.23,0.42
asthma_v2_pneumonia_P40Pneumonia92J.wav,2,4,4,3,0.25,0.04,0.2,0.42,0.09
asthma_v2_pneumonia_P41Pneumonia25E.wav,2,4,4,2,0.23,0.01,0.51,0.01,0.24
asthma_v2_pneumonia_P41Pneumonia72U.wav,2,4,4,4,0.39,0.03,0.08,0.02,0.48
asthma_v2_pneumonia_P44Pneumonia47J.wav,2,4,4,4,0.02,0.0,0.02,0.01,0.95
asthma_v2_pneumonia_P45Pneumonia72P.wav,2,4,4,4,0.22,0.02,0.15,0.25,0.36
asthma_v2_pneumonia_P47Pneumonia74Q.wav,2,4,4,4,0.1,0.02,0.13,0.07,0.68
asthma_v2_pneumonia_P4Pneumonia17R.wav,2,4,4,4,0.06,0.0,0.12,0.1,0.72
asthma_v2_pneumonia_P4Pneumonia67J.wav,2,4,4,4,0.08,0.01,0.12,0.01,0.78
asthma_v2_pneumonia_P5Pneumonia95V.wav,2,4,4,4,0.07,0.01,0.07,0.11,0.74
asthma_v2_pneumonia_P7Pneumonia62G.wav,2,4,4,4,0.05,0.01,0.09,0.08,0.77
asthma_v2_pneumonia_P8Pneumonia11O.wav,2,4,4,0,0.47,0.01,0.1,0.12,0.3
