rule,A,B,note,status,pairs,mean_A,mean_B,diff,ci_low,ci_high,p,verdict
R1,C2,C1,"scaling on vs off (same 30 features, same folds)",ok,25.0,0.779045002558112,0.5103127710888207,0.2687322314692912,0.2211765487120002,0.3162879142265822,2.2493144761508027e-11,C2 outperforms C1
R1,C2,C3,30 vs 26 features (both scaled),ok,25.0,0.779045002558112,0.7705704046240084,0.00847459793410361,-0.013954375812001235,0.030903571680208457,0.4431159481282272,inconclusive
R2,C2,C7,"PRIMARY: SVM vs CRNN, both see the full clip",missing results,,,,,,,,
R2,C2,C6,"SVM (full clip) vs CRNN (1.5 s), as in the submitted paper",missing results,,,,,,,,
R2,C5,C7,"RF vs CRNN, both full clip",missing results,,,,,,,,
R2,C8,C6,"SVM vs CRNN, both 1.5 s",missing results,,,,,,,,
R2,C5,C2,RF vs SVM,ok,25.0,0.7659093948854693,0.779045002558112,-0.013135607672642671,-0.04203537383214939,0.01576415848686405,0.3575439234905743,inconclusive
R5,A1,C2,SVM + SMOTE,ok,25.0,0.7768720478686508,0.779045002558112,-0.0021729546894611617,-0.019815883365964952,0.015469973987042628,0.8015095575293861,comparable
R5,A3,C2,SVM + audio augmentation,ok,25.0,0.7779169367313821,0.779045002558112,-0.0011280658267299427,-0.025769347799880996,0.02351321614642111,0.9255089064061004,comparable
R5,A5,C2,SVM + SMOTE + audio augmentation,ok,25.0,0.7739855939274797,0.779045002558112,-0.005059408630632229,-0.03803875182734609,0.027919934566081633,0.75426531226273,inconclusive
R5,A2,C5,RF + SMOTE,ok,25.0,0.766453708461892,0.7659093948854693,0.0005443135764226126,-0.02380556698044474,0.024894194133289964,0.9635835433276487,comparable
R5,A4,C5,RF + audio augmentation,ok,25.0,0.764097218480649,0.7659093948854693,-0.0018121764048202227,-0.03014608521844752,0.026521732408807078,0.8960826945327138,inconclusive
R5,A6,C5,RF + SMOTE + audio augmentation,ok,25.0,0.7625351574672773,0.7659093948854693,-0.003374237418191934,-0.03254612360600665,0.02579764876962278,0.8133448469853497,inconclusive
R5,A7,C6,CRNN + SpecAugment,missing results,,,,,,,,
B2,B2_C2,C2,SVM with 1.8 kHz low-pass vs without,ok,25.0,0.7775363559836873,0.779045002558112,-0.0015086465744246658,-0.01468049955049665,0.011663206401647317,0.8151359753522497,comparable
B2,B2_C5,C5,RF with low-pass vs without,ok,25.0,0.7645980402621413,0.7659093948854693,-0.0013113546233279206,-0.02171861005186835,0.019095900805212507,0.8955960153189284,comparable
B2,B2_C6,C6,CRNN with low-pass vs without,missing results,,,,,,,,
