file_id,warmup,load_s,feat_f30_s,feat_mel_s,predict_C2_s,predict_C5_s,predict_C6_s,e2e_C2_s,e2e_C5_s,e2e_C6_s
asthma_v2_pneumonia_P14Pneumonia87C.wav,True,3.9149216001387686,0.2988990999292582,0.017873300006613135,0.0018413998186588287,0.01305880001746118,0.0211518001742661,4.215662099886686,4.226879500085488,3.953946700319648
asthma_v2_healthy_P10Healthy14S.wav,True,0.027613400015980005,0.019641000078991055,0.007936300011351705,0.00132350018247962,0.008789499988779426,0.004283600021153688,0.04857790027745068,0.056043900083750486,0.0398333000484854
asthma_v2_asthma_P39WheezingIE_193.wav,True,0.02479360019788146,0.019661199999973178,0.00863309996202588,0.001231500180438161,0.01318169990554452,0.005827999906614423,0.0456863003782928,0.05763650010339916,0.039254700066521764
asthma_v2_Bronchial_P16BronchialTc_77.wav,True,0.027842700015753508,0.02543299994431436,0.008419699966907501,0.001762499799951911,0.009283100022003055,0.004113500006496906,0.05503819976001978,0.06255879998207092,0.040375899989157915
asthma_v2_copd_P45COPDMc_360.wav,True,0.02020770008675754,0.02002539997920394,0.008139499928802252,0.0011785998940467834,0.01018760004080832,0.0064455000683665276,0.041411699960008264,0.0504207001067698,0.03479270008392632
asthma_v2_healthy_P6Healthy77S.wav,False,0.020745099987834692,0.0193144001532346,0.008097999962046742,0.0022106000687927008,0.009607800049707294,0.004912300035357475,0.042270100209861994,0.04966730019077659,0.03375539998523891
asthma_v2_copd_P41COPDMc_324.wav,False,0.015674199908971786,0.020873300032690167,0.007981699891388416,0.0012675998732447624,0.010329099837690592,0.004602799890562892,0.037815099814906716,0.046876599779352546,0.028258699690923095
asthma_v2_asthma_P37WheezingRS_184.wav,False,0.01932920003309846,0.018563299905508757,0.007636500056833029,0.0013194999191910028,0.008090900024399161,0.006078599952161312,0.03921199985779822,0.04598339996300638,0.0330443000420928
asthma_v2_copd_P23COPDPr_179.wav,False,0.022671899991109967,0.017170500010252,0.008529999991878867,0.0012193000875413418,0.008679000195115805,0.005956099834293127,0.04106170008890331,0.04852140019647777,0.03715799981728196
asthma_v2_asthma_P15WheezingRS_72.wav,False,0.01930049993097782,0.02279309998266399,0.008239999879151583,0.0012921001762151718,0.008904899936169386,0.00602420000359416,0.04338570008985698,0.050998499849811196,0.033564699813723564
asthma_v2_copd_P50COPDPr_395.wav,False,0.012586199911311269,0.018874399829655886,0.007756500039249659,0.0014503998681902885,0.008564300136640668,0.006431999849155545,0.03291099960915744,0.04002489987760782,0.026774699799716473
asthma_v2_asthma_P15WheezingRL_71.wav,False,0.026766599854454398,0.04501069989055395,0.009992999956011772,0.0014864001423120499,0.01304140011779964,0.010437999852001667,0.0732636998873204,0.08481869986280799,0.04719759966246784
asthma_v2_healthy_P10Healthy10S.wav,False,0.030711200088262558,0.03008209983818233,0.013074300019070506,0.0012127000372856855,0.0077409998048096895,0.006993400165811181,0.062005999963730574,0.06853429973125458,0.050778900273144245
asthma_v2_pneumonia_P1Pneumonia93D.wav,False,0.026670800056308508,0.031758900033310056,0.013968100072816014,0.001235299976542592,0.010127500165253878,0.021891900105401874,0.059665000066161156,0.06855720025487244,0.0625308002345264
asthma_v2_pneumonia_P7Pneumonia22C.wav,False,0.0345660001039505,0.0370579999871552,0.013220899971202016,0.005513099953532219,0.012809700099751353,0.008881499990820885,0.07713710004463792,0.08443370019085705,0.0566684000659734
asthma_v2_copd_P17COPDMc_136.wav,False,0.016547600040212274,0.021239199908450246,0.009745100047439337,0.0011912998743355274,0.009919799864292145,0.007019399898126721,0.03897809982299805,0.047706599812954664,0.03331209998577833
asthma_v2_pneumonia_P29Pneumonia51O.wav,False,0.030020599951967597,0.03443949995562434,0.019654300063848495,0.0014790999703109264,0.013899600133299828,0.007945500081405044,0.06593919987790287,0.07835970004089177,0.057620400097221136
asthma_v2_copd_P36COPDMc_286.wav,False,0.03305920003913343,0.03341970010660589,0.01826949999667704,0.0025631000753492117,0.01256860001012683,0.01554980012588203,0.06904200022108853,0.07904750015586615,0.0668785001616925
asthma_v2_healthy_P3Healthy44S.wav,False,0.030135999899357557,0.03193949977867305,0.012207200052216649,0.001555300084874034,0.014836900169029832,0.007305199978873134,0.06363079976290464,0.07691239984706044,0.04964839993044734
asthma_v2_asthma_P27WheezingIE_133.wav,False,0.0036789998412132263,0.048059500055387616,0.022128799930214882,0.007231099996715784,0.019279800122603774,0.03194350004196167,0.05896959989331663,0.07101830001920462,0.05775129981338978
asthma_v2_copd_P32COPDPr_253.wav,False,0.022189400158822536,0.023366699926555157,0.009352799970656633,0.0013894999865442514,0.012118899961933494,0.0077674000058323145,0.046945600071921945,0.05767500004731119,0.039309600135311484
asthma_v2_healthy_P6Healthy34S.wav,False,0.026638400042429566,0.03184730000793934,0.012017499888315797,0.0013943999074399471,0.014687599847093225,0.004466200014576316,0.05988009995780885,0.07317329989746213,0.04312209994532168
asthma_v2_pneumonia_P40Pneumonia32Q.wav,False,0.016207600012421608,0.021822999930009246,0.009086899925023317,0.0012880000285804272,0.012228499865159392,0.003889499930664897,0.03931859997101128,0.050259099807590246,0.029183999868109822
asthma_v2_pneumonia_P47Pneumonia98K.wav,False,0.0321210001129657,0.04722810001112521,0.012536599999293685,0.0013636001385748386,0.010239599971100688,0.01756190019659698,0.08071270026266575,0.0895887000951916,0.06221950030885637
asthma_v2_asthma_P34WheezingIU_166.wav,False,0.029037199914455414,0.026803600136190653,0.009089599829167128,0.0013119999784976244,0.01015070010907948,0.005682999966666102,0.05715280002914369,0.06599150015972555,0.043809799710288644
asthma_v2_copd_P31COPDMc_244.wav,False,0.02510150009766221,0.024908999912440777,0.012460999889299273,0.0014511998742818832,0.01131090009585023,0.005901899887248874,0.05146169988438487,0.06132140010595322,0.04346439987421036
asthma_v2_copd_P32COPDPr_249.wav,False,0.018170799827203155,0.023162599885836244,0.012387000024318695,0.0017256999853998423,0.011625699931755662,0.005483399843797088,0.04305909969843924,0.05295909964479506,0.03604119969531894
asthma_v2_asthma_P27WheezingRS_132.wav,False,0.0028572999872267246,0.019681499805301428,0.011457399930804968,0.0012284999247640371,0.012167300097644329,0.006099599879235029,0.02376729971729219,0.03470609989017248,0.02041429979726672
asthma_v2_copd_P6COPDPr_47.wav,False,0.01601899997331202,0.024438199819996953,0.01233630022034049,0.0012725999113172293,0.011751400073990226,0.003647700184956193,0.0417297997046262,0.0522085998672992,0.032003000378608704
asthma_v2_pneumonia_P1Pneumonia94J.wav,False,0.02105049998499453,0.0181468001101166,0.01139380014501512,0.001182100037112832,0.009821800049394369,0.004033299861475825,0.040379400132223964,0.0490191001445055,0.036477599991485476
asthma_v2_healthy_P13Healthy53S.wav,False,0.02128230012021959,0.02064530015923083,0.007939899805933237,0.0012173999566584826,0.009024800034239888,0.004088599933311343,0.0431450002361089,0.050952400313690305,0.03331079985946417
asthma_v2_asthma_P21WheezingIU_102.wav,False,0.01669429987668991,0.019618500024080276,0.008323299931362271,0.001280799973756075,0.008492799941450357,0.004514399915933609,0.03759359987452626,0.044805599842220545,0.02953199972398579
asthma_v2_Bronchial_P9BronchialTc_45.wav,False,0.014208200154826045,0.012257099850103259,0.0084306001663208,0.0013441999908536673,0.007607599953189492,0.005769900046288967,0.02780949999578297,0.034072899958118796,0.028408700367435813
asthma_v2_pneumonia_P1Pneumonia39F.wav,False,0.03583630011416972,0.03205469995737076,0.012357600033283234,0.0012459999416023493,0.017760799964889884,0.014457399956882,0.06913700001314282,0.08565180003643036,0.06265130010433495
asthma_v2_asthma_P51WheezingIE_253.wav,False,0.02728689997456968,0.036981800105422735,0.023821600014343858,0.0011316000018268824,0.007759100059047341,0.008304900024086237,0.0654003000818193,0.07202780013903975,0.05941340001299977
asthma_v2_copd_P50COPDPr_393.wav,False,0.0205377999227494,0.026948499958962202,0.014440200058743358,0.0009471999946981668,0.010490000015124679,0.013211000012233853,0.04843349987640977,0.05797629989683628,0.04818899999372661
asthma_v2_asthma_P34WheezingIU_170.wav,False,0.021408499917015433,0.029647500021383166,0.015999299939721823,0.0010067999828606844,0.007256699958816171,0.009962599957361817,0.052062799921259284,0.05831269989721477,0.04737039981409907
asthma_v2_asthma_P35WheezingRL_171.wav,False,0.018680099863559008,0.021528800018131733,0.010410899994894862,0.001008099876344204,0.00809239991940558,0.005674300016835332,0.041216999758034945,0.04830129980109632,0.0347652998752892
asthma_v2_copd_P50COPDMc_394.wav,False,0.0182952000759542,0.02263620006851852,0.007445499999448657,0.001595200039446354,0.007953100139275193,0.00597400008700788,0.04252660018391907,0.04888450028374791,0.031714700162410736
asthma_v2_Bronchial_P14BronchialSc_66.wav,False,0.02738149999640882,0.03138330020010471,0.00661069992929697,0.0010309999343007803,0.007698000175878406,0.005104999989271164,0.059795800130814314,0.06646280037239194,0.039097199914976954
asthma_v2_copd_P23COPDPr_177.wav,False,0.025683999992907047,0.020020500058308244,0.007012899965047836,0.0010022998321801424,0.008778200019150972,0.0044207999017089605,0.04670679988339543,0.05448270007036626,0.037117699859663844
asthma_v2_pneumonia_P1Pneumonia10T.wav,False,0.004884399939328432,0.01987010007724166,0.010464099934324622,0.0011835999321192503,0.006565300049260259,0.0035645999014377594,0.02593809994868934,0.03131980006583035,0.018913099775090814
asthma_v2_asthma_P37WheezingIE_181.wav,False,0.023113999981433153,0.01905960007570684,0.008684499887749553,0.001211400143802166,0.008196299895644188,0.0037459000013768673,0.04338500020094216,0.05036989995278418,0.03554439987055957
asthma_v2_pneumonia_P47Pneumonia74Q.wav,False,0.022327899932861328,0.01915710000321269,0.008876200066879392,0.0011903999838978052,0.008986699860543013,0.0074194001499563456,0.042675399919971824,0.05047169979661703,0.038623500149697065
asthma_v2_Bronchial_P11BronchialTc_53.wav,False,0.006370699964463711,0.02049649995751679,0.008173699956387281,0.0012527999933809042,0.008853900013491511,0.0047803998459130526,0.028119999915361404,0.03572109993547201,0.019324799766764045
asthma_v2_asthma_P35WheezingIE_173.wav,False,0.014799399999901652,0.020254999864846468,0.007546100066974759,0.001339100068435073,0.008305000141263008,0.005910499952733517,0.03639349993318319,0.04335940000601113,0.028256000019609928
asthma_v2_pneumonia_P29Pneumonia14M.wav,False,0.021668100031092763,0.024551099864766,0.010935600148513913,0.0011288998648524284,0.009318399941548705,0.01412890013307333,0.04734809976071119,0.05553759983740747,0.046732600312680006
asthma_v2_Bronchial_P18BronchialSc_86.wav,False,0.034538800129666924,0.028297699987888336,0.011236699996516109,0.00233250018209219,0.010315400082617998,0.008988199988380075,0.06516900029964745,0.07315190020017326,0.05476370011456311
asthma_v2_asthma_P34WheezingRL_167.wav,False,0.019083600025624037,0.02764540002681315,0.011491300072520971,0.0019698000978678465,0.013988400110974908,0.01161719998344779,0.04869880015030503,0.060717400163412094,0.0421921000815928
asthma_v2_asthma_P39WheezingRS_192.wav,False,0.020314699970185757,0.0403543000575155,0.010804200079292059,0.0009574000723659992,0.009365200065076351,0.008340799948200583,0.06162640010006726,0.07003420009277761,0.0394596999976784
asthma_v2_copd_P41COPDMc_322.wav,False,0.017271299846470356,0.02102530002593994,0.010425700107589364,0.0009028001222759485,0.008033799938857555,0.008178299991413951,0.039199399994686246,0.04633039981126785,0.03587529994547367
asthma_v2_copd_P23COPDMc_178.wav,False,0.015920299803838134,0.025260299909859896,0.013173799961805344,0.0037553999572992325,0.010034299921244383,0.007988799829035997,0.04493599967099726,0.05121489963494241,0.037082899594679475
asthma_v2_pneumonia_P14Pneumonia73T.wav,False,0.02004340011626482,0.02264709980227053,0.010639900108799338,0.0009290999732911587,0.007495200028643012,0.004115100018680096,0.04361959989182651,0.050185699947178364,0.034798400243744254
asthma_v2_asthma_P35WheezingRS_172.wav,False,0.01533610001206398,0.014140599872916937,0.006483400007709861,0.0009902999736368656,0.0056841999758034945,0.004811299964785576,0.030466999858617783,0.03516089986078441,0.026630799984559417
asthma_v2_asthma_P21WheezingRS_104.wav,False,0.010513500077649951,0.014505099970847368,0.008107200032100081,0.0015430999919772148,0.005262400023639202,0.004805200034752488,0.026561700040474534,0.03028100007213652,0.02342590014450252
asthma_v2_healthy_P3Healthy60S.wav,False,0.018860399955883622,0.025568299926817417,0.021707200212404132,0.001146299997344613,0.013357099844142795,0.005857200128957629,0.04557499988004565,0.057785799726843834,0.04642480029724538
asthma_v2_healthy_P13Healthy48S.wav,False,0.0057767999824136496,0.02092419983819127,0.012199799995869398,0.0008684000931680202,0.005912699969485402,0.0058633999433368444,0.02756939991377294,0.03261369979009032,0.023839999921619892
asthma_v2_asthma_P21WheezingIE_101.wav,False,0.012799200136214495,0.02193159982562065,0.008822199888527393,0.00102499988861382,0.008388800080865622,0.0035188000183552504,0.035755799850448966,0.04311960004270077,0.02514020004309714
asthma_v2_copd_P32COPDPr_255.wav,False,0.015412000007927418,0.02038250002078712,0.008915800135582685,0.001063500065356493,0.006987900007516146,0.004901999840512872,0.03685800009407103,0.04278240003623068,0.029229799984022975
asthma_v2_asthma_P49WheezingIE_241.wav,False,0.01856889994814992,0.023370000068098307,0.006973999785259366,0.0011116999667137861,0.007669999962672591,0.004637099802494049,0.04305059998296201,0.04960889997892082,0.030179999535903335
asthma_v2_copd_P50COPDMc_400.wav,False,0.016180500155314803,0.01946109998971224,0.00953539996407926,0.0011608998756855726,0.005522300023585558,0.0064165000803768635,0.036802500020712614,0.0411639001686126,0.03213240019977093
asthma_v2_copd_P41COPDMc_326.wav,False,0.0174191000405699,0.022300199838355184,0.009429799858480692,0.0011813000310212374,0.00665059988386929,0.004108000081032515,0.04090059990994632,0.046369899762794375,0.030956899980083108
asthma_v2_healthy_P2Healthy89S.wav,False,0.024736500112339854,0.019398999866098166,0.009492899989709258,0.0011084999423474073,0.00703620002605021,0.003970700083300471,0.04524399992078543,0.05117170000448823,0.038200100185349584
asthma_v2_Bronchial_P16BronchialSc_78.wav,False,0.006604899885132909,0.019247400108724833,0.006671900162473321,0.0018557999283075333,0.00823599984869361,0.006027299910783768,0.027708099922165275,0.03408829984255135,0.019304099958389997
asthma_v2_copd_P36COPDMc_288.wav,False,0.021950500085949898,0.021181999938562512,0.007395799970254302,0.0014533000066876411,0.00934750004671514,0.0046983000356704,0.04458580003120005,0.05248000007122755,0.0340446000918746
asthma_v2_pneumonia_P6Pneumonia39O.wav,False,0.02231419994495809,0.019198999973013997,0.007178399944677949,0.001886699814349413,0.00791950011625886,0.003351900028064847,0.0433998997323215,0.04943270003423095,0.03284449991770089
asthma_v2_copd_P32COPDMc_250.wav,False,0.020957000087946653,0.02898470009677112,0.015019700163975358,0.002028399845585227,0.050059600034728646,0.036212199833244085,0.051970100030303,0.10000130021944642,0.0721889000851661
asthma_v2_healthy_P2Healthy30S.wav,False,0.03904780000448227,0.035582799930125475,0.008423099992796779,0.0012064999900758266,0.010359999956563115,0.004660499980673194,0.07583709992468357,0.08499059989117086,0.05213139997795224
asthma_v2_copd_P31COPDPr_245.wav,False,0.01657190010882914,0.02084310003556311,0.00827930006198585,0.0011887000873684883,0.010703899897634983,0.00443139998242259,0.03860370023176074,0.048118900042027235,0.02928260015323758
asthma_v2_copd_P17COPDMc_134.wav,False,0.01547099999152124,0.02034039981663227,0.008419000077992678,0.001585999969393015,0.008728600107133389,0.004576500039547682,0.037397399777546525,0.0445399999152869,0.0284665001090616
asthma_v2_asthma_P49WheezingRS_244.wav,False,0.014153699856251478,0.02110039978288114,0.008874100167304277,0.0023635001853108406,0.010844900039955974,0.004221000010147691,0.03761759982444346,0.04609899967908859,0.027248800033703446
asthma_v2_copd_P41COPDPr_325.wav,False,0.015150799881666899,0.046014699852094054,0.012890500016510487,0.0040333999786525965,0.01633780007250607,0.01106569985859096,0.06519889971241355,0.07750329980626702,0.039106999756768346
asthma_v2_copd_P36COPDMc_282.wav,False,0.02852839999832213,0.0239009999204427,0.007386599900200963,0.0013723000884056091,0.010259500006213784,0.005886999890208244,0.05380170000717044,0.06268889992497861,0.04180199978873134
asthma_v2_pneumonia_P37Pneumonia44I.wav,False,0.004228099947795272,0.02078690007328987,0.011257800040766597,0.0014430000446736813,0.008198600029572845,0.00467340019531548,0.026458000065758824,0.03321360005065799,0.02015930018387735
asthma_v2_pneumonia_P13Pneumonia33Z.wav,False,0.020898499991744757,0.021909600123763084,0.00826140004210174,0.0027802998665720224,0.04836530005559325,0.03565039997920394,0.045588399982079864,0.0911734001711011,0.06481030001305044
asthma_v2_pneumonia_P20Pneumonia31P.wav,False,0.006475899834185839,0.028877199860289693,0.011770399985834956,0.0017180999275296926,0.016284399898722768,0.014548199949786067,0.037071199622005224,0.0516374995931983,0.03279449976980686
asthma_v2_Bronchial_P16BronchialTc_79.wav,False,0.007086100056767464,0.02844560006633401,0.014198399847373366,0.0016052999999374151,0.0259442999958992,0.009832100011408329,0.03713700012303889,0.06147600011900067,0.03111659991554916
asthma_v2_Bronchial_P14BronchialTc_67.wav,False,0.023343499982729554,0.027036300161853433,0.01846059993840754,0.001613799948245287,0.017782799899578094,0.017674600007012486,0.051993600092828274,0.06816260004416108,0.05947869992814958
asthma_v2_asthma_P37WheezingIU_182.wav,False,0.028669199906289577,0.03468449995853007,0.021564000053331256,0.0013713000807911158,0.020728299859911203,0.01005730009637773,0.06472499994561076,0.08408199972473085,0.060290500055998564
asthma_v2_Bronchial_P9BronchialTc_43.wav,False,0.03851590002886951,0.03470449987798929,0.010991600109264255,0.0033547000493854284,0.016258300049230456,0.013820499880239367,0.07657509995624423,0.08947869995608926,0.06332800001837313
asthma_v2_copd_P45COPDPr_359.wav,False,0.007815600140020251,0.028853900032117963,0.01158490008674562,0.0026912998873740435,0.013981600059196353,0.020527300192043185,0.03936080005951226,0.05065110023133457,0.039927800418809056
asthma_v2_copd_P23COPDPr_181.wav,False,0.029755899915471673,0.06214699987322092,0.02885450003668666,0.004354800097644329,0.013868500012904406,0.01656320015899837,0.09625769988633692,0.105771399801597,0.0751736001111567
asthma_v2_pneumonia_P14Pneumonia22X.wav,False,0.03220320004038513,0.034409600077196956,0.020329699851572514,0.001538699958473444,0.03767409990541637,0.029419400030747056,0.06815150007605553,0.10428690002299845,0.0819522999227047
asthma_v2_healthy_P3Healthy57S.wav,False,0.030380700016394258,0.04856839985586703,0.02218229998834431,0.002673699986189604,0.016307099955156446,0.008572899969294667,0.08162279985845089,0.09525619982741773,0.061135899974033237
asthma_v2_pneumonia_P20Pneumonia42B.wav,False,0.02943769982084632,0.038401600206270814,0.019406900042667985,0.0019027001690119505,0.01797639997676015,0.013151999795809388,0.06974200019612908,0.08581570000387728,0.06199659965932369
asthma_v2_asthma_P35WheezingRL_175.wav,False,0.03633809997700155,0.052023999858647585,0.013314499985426664,0.009263499872758985,0.024028999963775277,0.021374700125306845,0.09762559970840812,0.11239109979942441,0.07102730008773506
asthma_v2_pneumonia_P14Pneumonia62B.wav,False,0.04543470009230077,0.035693899961188436,0.013034200062975287,0.0015720000956207514,0.018125700065866113,0.012430300004780293,0.08270060014910996,0.09925430011935532,0.07089920016005635
asthma_v2_pneumonia_P20Pneumonia58T.wav,False,0.047435199841856956,0.03406730014830828,0.01895310007967055,0.0026493000332266092,0.03357900003902614,0.025967700174078345,0.08415180002339184,0.11508150002919137,0.09235600009560585
asthma_v2_pneumonia_P20Pneumonia27V.wav,False,0.03196290018968284,0.030036700190976262,0.01581340003758669,0.0031510000117123127,0.01951440004631877,0.01952289999462664,0.06515060039237142,0.08151400042697787,0.06729920022189617
asthma_v2_copd_P17COPDMc_130.wav,False,0.026632599998265505,0.031634199898689985,0.023649599868804216,0.0016891001723706722,0.017080799909308553,0.015168699901551008,0.05995590006932616,0.07534759980626404,0.06545089976862073
asthma_v2_pneumonia_P47Pneumonia19A.wav,False,0.05294479988515377,0.06725490000098944,0.016868799924850464,0.0030374000780284405,0.027749800123274326,0.02950289985165,0.12323709996417165,0.14794950000941753,0.09931649966165423
asthma_v2_Bronchial_P7BronchialSc_34.wav,False,0.0340297999791801,0.02913340018130839,0.015528699848800898,0.002024299930781126,0.0161785997916013,0.005743199959397316,0.06518750009126961,0.07934179995208979,0.05530169978737831
asthma_v2_pneumonia_P13Pneumonia60R.wav,False,0.03057719999924302,0.03248890000395477,0.01714179990813136,0.0019441000185906887,0.021014200057834387,0.01111090020276606,0.06501020002178848,0.08408030006103218,0.05882990011014044
asthma_v2_healthy_P2Healthy43S.wav,False,0.034089599968865514,0.03950869990512729,0.01550370012409985,0.005286999978125095,0.011984199983999133,0.0204286000225693,0.0788852998521179,0.08558249985799193,0.07002190011553466
asthma_v2_copd_P6COPDMc_48.wav,False,0.02207459998317063,0.039125600131228566,0.011867699911817908,0.0021069999784231186,0.014623699942603707,0.011993300169706345,0.06330720009282231,0.0758239000570029,0.04593560006469488
asthma_v2_healthy_P2Healthy54S.wav,False,0.03385849995538592,0.030315000098198652,0.01057430007494986,0.0033201000187546015,0.016826899955049157,0.012738500023260713,0.06749360007233918,0.08100040000863373,0.0571713000535965
asthma_v2_copd_P17COPDPr_129.wav,False,0.026686000172048807,0.051485300064086914,0.012313899816945195,0.0017946998123079538,0.011001199949532747,0.021264899987727404,0.07996600004844368,0.08917250018566847,0.060264799976721406
asthma_v2_copd_P31COPDPr_241.wav,False,0.03436890011653304,0.0396383001934737,0.02034089993685484,0.0029937000945210457,0.014266700018197298,0.020497200079262257,0.07700090040452778,0.08827390032820404,0.07520700013265014
asthma_v2_copd_P32COPDMc_256.wav,False,0.004332500044256449,0.039961599977687,0.02109609986655414,0.0019274000078439713,0.01741879992187023,0.010183499893173575,0.04622150002978742,0.06171289994381368,0.035612099803984165
asthma_v2_pneumonia_P40Pneumonia90Y.wav,False,0.028210900025442243,0.06927599990740418,0.03996940003708005,0.004267999902367592,0.03780769999139011,0.019220200134441257,0.10175489983521402,0.13529459992423654,0.08740050019696355
asthma_v2_Bronchial_P11BronchialTc_51.wav,False,0.04850749997422099,0.07503400021232665,0.016027200035750866,0.002426800085231662,0.022945599863305688,0.01777449995279312,0.1259683002717793,0.14648710004985332,0.08230919996276498
asthma_v2_pneumonia_P7Pneumonia22X.wav,False,0.10014710016548634,0.08136250008828938,0.015982999932020903,0.004278100095689297,0.014810000080615282,0.011377800023183227,0.185787700349465,0.196319600334391,0.12750790012069046
asthma_v2_pneumonia_P37Pneumonia95J.wav,False,0.043650500010699034,0.06769840000197291,0.0350813998375088,0.0018360000103712082,0.014974500052630901,0.015354400034993887,0.11318490002304316,0.12632340006530285,0.09408629988320172
asthma_v2_pneumonia_P37Pneumonia84E.wav,False,0.0069830999709665775,0.06397330015897751,0.01492720004171133,0.003998999949544668,0.020799800055101514,0.02554979990236461,0.07495540007948875,0.0917562001850456,0.04746009991504252
asthma_v2_pneumonia_P13Pneumonia94T.wav,False,0.05121429986320436,0.0728859999217093,0.022825400112196803,0.0018268001731485128,0.019693800015375018,0.052096599945798516,0.12592709995806217,0.14379409980028868,0.12613629992119968
asthma_v2_pneumonia_P29Pneumonia18M.wav,False,0.008295699954032898,0.03748609987087548,0.03196240006946027,0.004089500056579709,0.02875349996611476,0.020157000049948692,0.049871299881488085,0.07453529979102314,0.06041510007344186
asthma_v2_asthma_P15WheezingIE_73.wav,False,0.04001899994909763,0.07439069985412061,0.019986600149422884,0.0022247000597417355,0.025549600133672357,0.033255500020459294,0.11663439986295998,0.1399592999368906,0.09326110011897981
asthma_v2_pneumonia_P29Pneumonia17N.wav,False,0.012705700006335974,0.03446669992990792,0.014450700022280216,0.0013399000745266676,0.01154770003631711,0.009947699960321188,0.04851230001077056,0.058720099972561,0.03710409998893738
asthma_v2_Bronchial_P7BronchialTc_31.wav,False,0.026990400161594152,0.02973379986360669,0.014307900099083781,0.001951900077983737,0.01430019992403686,0.012305199867114425,0.05867610010318458,0.0710243999492377,0.05360350012779236
asthma_v2_Bronchial_P7BronchialTc_33.wav,False,0.04190670000389218,0.02804829995147884,0.009691699873656034,0.0014462999533861876,0.01454790006391704,0.007554699899628758,0.07140129990875721,0.08450290001928806,0.059153099777176976
asthma_v2_copd_P45COPDMc_358.wav,False,0.041589299915358424,0.04102740017697215,0.011805800022557378,0.0027438998222351074,0.01336400001309812,0.01517160004004836,0.08536059991456568,0.0959807001054287,0.06856669997796416
asthma_v2_Bronchial_P14BronchialSc_68.wav,False,0.027047100011259317,0.03541680006310344,0.01891839993186295,0.001623000018298626,0.016381199937313795,0.02423360012471676,0.06408690009266138,0.07884510001167655,0.07019910006783903
asthma_v2_asthma_P27WheezingRL_131.wav,False,0.0414253999479115,0.030953700188547373,0.011069600004702806,0.0014726000372320414,0.01613200013525784,0.016171999974176288,0.07385170017369092,0.08851110027171671,0.0686669999267906
asthma_v2_copd_P45COPDMc_354.wav,False,0.03734410018660128,0.03168809995986521,0.016203999985009432,0.001756699988618493,0.02423029998317361,0.023928599897772074,0.07078890013508499,0.0932625001296401,0.07747670006938279
asthma_v2_pneumonia_P7Pneumonia61Q.wav,False,0.04384159995242953,0.03916360018774867,0.015707199927419424,0.003918799804523587,0.01524399989284575,0.007795900106430054,0.08692399994470179,0.09824920003302395,0.06734469998627901
asthma_v2_copd_P32COPDMc_254.wav,False,0.03071619989350438,0.03733660001307726,0.016843499848619103,0.00150639982894063,0.024438499938696623,0.03191840020008385,0.06955919973552227,0.09249129984527826,0.07947809994220734
asthma_v2_healthy_P13Healthy28S.wav,False,0.02910050004720688,0.030508199939504266,0.014908799901604652,0.001725899986922741,0.017028699861839414,0.012369300005957484,0.061334599973633885,0.07663739984855056,0.056378599954769015
asthma_v2_pneumonia_P40Pneumonia91V.wav,False,0.030462699942290783,0.02424629987217486,0.011621100129559636,0.0013176000211387873,0.013982899952679873,0.014042600058019161,0.05602659983560443,0.06869189976714551,0.05612640012986958
asthma_v2_copd_P6COPDMc_46.wav,False,0.0257963000331074,0.0305072998162359,0.0165202000644058,0.0013363000471144915,0.013404999859631062,0.011228299932554364,0.05763989989645779,0.06970859970897436,0.05354480003006756
asthma_v2_Bronchial_P9BronchialSc_44.wav,False,0.03222799999639392,0.029265400022268295,0.012072700075805187,0.0015620999038219452,0.015564299887046218,0.009823099942877889,0.06305549992248416,0.07705769990570843,0.054123800015076995
asthma_v2_asthma_P35WheezingIU_174.wav,False,0.0038735000416636467,0.04453409998677671,0.022213600110262632,0.001824700040742755,0.023677100194618106,0.010619499953463674,0.05023230006918311,0.07208470022305846,0.03670660010538995
asthma_v2_copd_P50COPDMc_396.wav,False,0.02435419987887144,0.029611000092700124,0.018473099917173386,0.0018486999906599522,0.014304099837318063,0.010659900028258562,0.05581389996223152,0.06826929980888963,0.05348719982430339
asthma_v2_Bronchial_P9BronchialTc_41.wav,False,0.03016249998472631,0.03775699995458126,0.017267100047320127,0.0030849999748170376,0.009473699843510985,0.01687300018966198,0.07100449991412461,0.07739319978281856,0.06430260022170842
asthma_v2_pneumonia_P27Pneumonia37T.wav,False,0.025964800035580993,0.028622600017115474,0.02029339992441237,0.0017639999277889729,0.013332499889656901,0.009510000003501773,0.05635139998048544,0.06791989994235337,0.055768199963495135
asthma_v2_copd_P6COPDMc_42.wav,False,0.024093399988487363,0.03150030015967786,0.013578000012785196,0.0020493001211434603,0.022305899998173118,0.014622099930420518,0.057643000269308686,0.07789960014633834,0.05229349993169308
asthma_v2_Bronchial_P14BronchialTc_69.wav,False,0.021323899971321225,0.031532099936157465,0.012442799983546138,0.0013770998921245337,0.011190300108864903,0.00920219998806715,0.054233099799603224,0.0640463000163436,0.04296889994293451
asthma_v2_copd_P36COPDMc_284.wav,False,0.02657880005426705,0.05239920015446842,0.0188723998144269,0.0015627001412212849,0.02049960009753704,0.01254370016977191,0.08054070034995675,0.0994776003062725,0.05799490003846586
asthma_v2_pneumonia_P6Pneumonia32L.wav,False,0.03336540004238486,0.0389340000692755,0.019479200011119246,0.0019607001449912786,0.012908299919217825,0.01061819982714951,0.07426010025665164,0.08520770003087819,0.06346279988065362
asthma_v2_pneumonia_P27Pneumonia48G.wav,False,0.01130930008366704,0.028820900013670325,0.011664299992844462,0.001647300086915493,0.012848400045186281,0.005754800047725439,0.04177750018425286,0.052978600142523646,0.02872840012423694
asthma_v2_asthma_P27WheezingRL_135.wav,False,0.02890480007044971,0.04754480021074414,0.009894000133499503,0.002403099788352847,0.012001600116491318,0.015167899895459414,0.0788527000695467,0.08845120039768517,0.05396670009940863
asthma_v2_copd_P17COPDPr_133.wav,False,0.029756200034171343,0.03447549999691546,0.014590299921110272,0.0013492000289261341,0.010800500167533755,0.005256799980998039,0.06558090006001294,0.07503220019862056,0.049603299936279655
asthma_v2_pneumonia_P6Pneumonia15U.wav,False,0.025023600086569786,0.025986399967223406,0.013597300043329597,0.0014539998956024647,0.01827649981714785,0.012513400055468082,0.05246399994939566,0.06928649987094104,0.051134300185367465
asthma_v2_pneumonia_P14Pneumonia40M.wav,False,0.009440699825063348,0.03122789994813502,0.015622299863025546,0.002256799954921007,0.057111999951303005,0.012346700066700578,0.04292539972811937,0.09778059972450137,0.03740969975478947
asthma_v2_copd_P45COPDPr_355.wav,False,0.039021699922159314,0.05650139995850623,0.016131400130689144,0.002449300140142441,0.013612000038847327,0.008584900060668588,0.09797240002080798,0.10913509991951287,0.06373800011351705
asthma_v2_copd_P23COPDMc_180.wav,False,0.031690399860963225,0.02794350008480251,0.013734099920839071,0.0021244999952614307,0.013186699943616986,0.011406299890950322,0.061758399941027164,0.07282059988938272,0.05683079967275262
asthma_v2_healthy_P6Healthy51S.wav,False,0.023976000025868416,0.030856700148433447,0.017919000005349517,0.0019285997841507196,0.015659699914976954,0.008260299917310476,0.05676129995845258,0.07049240008927882,0.05015529994852841
asthma_v2_copd_P6COPDPr_45.wav,False,0.020965299801900983,0.028479799861088395,0.008866399992257357,0.0020608999766409397,0.014498800039291382,0.012797399889677763,0.05150599963963032,0.06394389970228076,0.0426290996838361
asthma_v2_asthma_P51WheezingRL_251.wav,False,0.020138099789619446,0.04106689989566803,0.017997199902310967,0.002377700060606003,0.017039299942553043,0.012920300010591745,0.06358269974589348,0.07824429962784052,0.05105559970252216
asthma_v2_pneumonia_P37Pneumonia73X.wav,False,0.0049790998455137014,0.04366590012796223,0.018537000054493546,0.0019193000625818968,0.017538700019940734,0.012642299989238381,0.05056430003605783,0.06618369999341667,0.03615839988924563
asthma_v2_copd_P31COPDPr_243.wav,False,0.031980100087821484,0.022092599887400866,0.012817499926313758,0.0019088999833911657,0.01105140009894967,0.006287300027906895,0.055981599958613515,0.06512410007417202,0.051084900042042136
asthma_v2_asthma_P51WheezingRL_255.wav,False,0.01847369992174208,0.024051399901509285,0.019088200060650706,0.001563000027090311,0.01276109996251762,0.006881200009956956,0.04408809985034168,0.055286199785768986,0.044443099992349744
asthma_v2_copd_P23COPDMc_182.wav,False,0.008106200024485588,0.029969299910590053,0.010342000052332878,0.0014794999733567238,0.010921699926257133,0.009143400005996227,0.039554999908432364,0.048997199861332774,0.027591600082814693
asthma_v2_copd_P36COPDPr_285.wav,False,0.027383600128814578,0.026538899866864085,0.013266699854284525,0.0012217001058161259,0.012878000037744641,0.006516299908980727,0.05514420010149479,0.0668005000334233,0.04716659989207983
asthma_v2_Bronchial_P14BronchialSc_70.wav,False,0.030247599817812443,0.0414024000056088,0.007715699961408973,0.0015358999371528625,0.013304000021889806,0.006973499897867441,0.0731858997605741,0.08495399984531105,0.04493679967708886
asthma_v2_healthy_P10Healthy65S.wav,False,0.006653300020843744,0.02727070008404553,0.008515599882230163,0.0015496998094022274,0.014312600018456578,0.00849440018646419,0.0354736999142915,0.04823660012334585,0.023663300089538097
asthma_v2_copd_P6COPDPr_43.wav,False,0.023129699984565377,0.027394199976697564,0.016407000133767724,0.0014590001665055752,0.01674639992415905,0.012118699960410595,0.05198290012776852,0.06727029988542199,0.051655400078743696
asthma_v2_copd_P36COPDPr_287.wav,False,0.02991949999704957,0.029191700043156743,0.008971800096333027,0.0017294001299887896,0.01369709987193346,0.013430600054562092,0.0608406001701951,0.07280829991213977,0.05232190014794469
asthma_v2_copd_P31COPDMc_246.wav,False,0.021207999903708696,0.022956799948588014,0.014388900017365813,0.001586599973961711,0.019090899964794517,0.00860939989797771,0.04575139982625842,0.06325569981709123,0.04420629981905222
asthma_v2_copd_P36COPDPr_283.wav,False,0.007384400116279721,0.02566749998368323,0.008510899962857366,0.0011356999166309834,0.012687699869275093,0.005375700071454048,0.03418760001659393,0.04573959996923804,0.021271000150591135
asthma_v2_healthy_P13Healthy42S.wav,False,0.028146500000730157,0.025007700081914663,0.008570699952542782,0.0017718998715281487,0.013446199940517545,0.0070044000167399645,0.05492609995417297,0.06660040002316236,0.0437215999700129
asthma_v2_asthma_P21WheezingRL_103.wav,False,0.016733899945393205,0.024040000047534704,0.01071459986269474,0.0015254002064466476,0.027808499988168478,0.01555379992350936,0.04229930019937456,0.06858239998109639,0.043002299731597304
asthma_v2_healthy_P10Healthy93S.wav,False,0.03032379993237555,0.03877820004709065,0.010554800042882562,0.0016087000258266926,0.017106599872931838,0.03347779996693134,0.07071070000529289,0.08620859985239804,0.07435639994218946
asthma_v2_pneumonia_P1Pneumonia41U.wav,False,0.024176300037652254,0.02033789991401136,0.009887200081720948,0.0015466001350432634,0.010391200194135308,0.009177099913358688,0.04606080008670688,0.05490540014579892,0.04324060003273189
asthma_v2_asthma_P34WheezingRS_168.wav,False,0.022587699815630913,0.02549140015617013,0.015673199901357293,0.001639300025999546,0.011773000005632639,0.020270799985155463,0.04971839999780059,0.05985209997743368,0.05853169970214367
asthma_v2_asthma_P49WheezingRL_243.wav,False,0.023880699882283807,0.03404009994119406,0.01157000008970499,0.002031699987128377,0.015054399846121669,0.011637700023129582,0.05995249981060624,0.07297519966959953,0.04708839999511838
asthma_v2_pneumonia_P47Pneumonia24N.wav,False,0.026536199962720275,0.026764800073578954,0.018238200107589364,0.0016330999787896872,0.011798800202086568,0.00620039994828403,0.054934100015088916,0.0650998002383858,0.05097480001859367
asthma_v2_pneumonia_P47Pneumonia69D.wav,False,0.025128599954769015,0.03416909999214113,0.014821500051766634,0.0017525998409837484,0.012628600001335144,0.00866399984806776,0.06105029978789389,0.07192629994824529,0.04861409985460341
asthma_v2_asthma_P49WheezingIE_245.wav,False,0.02737420005723834,0.02586010005325079,0.013457200024276972,0.0013621998950839043,0.012067200150340796,0.007679899921640754,0.054596500005573034,0.06530150026082993,0.048511300003156066
asthma_v2_pneumonia_P27Pneumonia62C.wav,False,0.032667099963873625,0.04545039986260235,0.03157750004902482,0.0030131000094115734,0.018906799843534827,0.013840399915352464,0.08113059983588755,0.0970242996700108,0.07808499992825091
asthma_v2_copd_P17COPDMc_132.wav,False,0.028771100100129843,0.03905969997867942,0.013344099977985024,0.0014932998456060886,0.015564000001177192,0.00818180013448,0.06932409992441535,0.08339480007998645,0.05029700021259487
asthma_v2_asthma_P51WheezingRS_252.wav,False,0.0032023999374359846,0.038314699893817306,0.019120899960398674,0.0013753999955952168,0.014396500075235963,0.006459600059315562,0.04289249982684851,0.05591359990648925,0.02878289995715022
asthma_v2_healthy_P13Healthy69S.wav,False,0.03128400002606213,0.038794999942183495,0.03185509983450174,0.0016558999195694923,0.0163996999617666,0.010715999873355031,0.07173489988781512,0.08647869993001223,0.0738550997339189
asthma_v2_pneumonia_P37Pneumonia83S.wav,False,0.027668700087815523,0.08028749981895089,0.023833699990063906,0.0016950001008808613,0.012179800076410174,0.01366050005890429,0.10965120000764728,0.12013599998317659,0.06516290013678372
asthma_v2_asthma_P37WheezingIE_185.wav,False,0.02724219998344779,0.0326749999076128,0.02495449990965426,0.0030005001462996006,0.012943800073117018,0.006486200029030442,0.06291770003736019,0.07286099996417761,0.05868289992213249
asthma_v2_Bronchial_P7BronchialTc_35.wav,False,0.03419389994814992,0.052806299878284335,0.00878429994918406,0.0016669000033289194,0.011221700115129352,0.007864699931815267,0.08866709982976317,0.0982218999415636,0.050842899829149246
asthma_v2_pneumonia_P13Pneumonia99T.wav,False,0.027161499951034784,0.0336941999848932,0.010661900043487549,0.0016015998553484678,0.0144766999874264,0.009502199944108725,0.062457299791276455,0.07533239992335439,0.04732559993863106
asthma_v2_copd_P32COPDPr_251.wav,False,0.024980999995023012,0.04891339992173016,0.01000270014628768,0.0016465000808238983,0.010340799810364842,0.005652699852362275,0.07554089999757707,0.08423519972711802,0.04063639999367297
asthma_v2_asthma_P51WheezingIU_254.wav,False,0.025252799969166517,0.04159419983625412,0.013879300095140934,0.0024021000135689974,0.012390599818900228,0.013135399902239442,0.06924909981898963,0.07923759962432086,0.05226749996654689
asthma_v2_copd_P31COPDMc_242.wav,False,0.028478400083258748,0.03318929998204112,0.015618500066921115,0.0015009997878223658,0.013477100059390068,0.008071699878200889,0.06316869985312223,0.07514480012468994,0.05216860002838075
asthma_v2_copd_P17COPDPr_135.wav,False,0.023423200007528067,0.028928000014275312,0.012186599895358086,0.0016264000441879034,0.011076899943873286,0.005923200165852904,0.05397760006599128,0.06342809996567667,0.04153300006873906
asthma_v2_pneumonia_P29Pneumonia82U.wav,False,0.03388559981249273,0.03407839988358319,0.010770500171929598,0.0027281001675873995,0.0117015999276191,0.007770499913021922,0.07069209986366332,0.07966559962369502,0.05242659989744425
asthma_v2_pneumonia_P6Pneumonia84M.wav,False,0.028247300069779158,0.06211950001306832,0.018133000005036592,0.0029526001308113337,0.03285020007751882,0.010658300016075373,0.09331940021365881,0.1232170001603663,0.05703860009089112
asthma_v2_pneumonia_P14Pneumonia19W.wav,False,0.053049099864438176,0.05905029992572963,0.02859469992108643,0.0020655998960137367,0.016941000008955598,0.0232079999987036,0.11416499968618155,0.1290403997991234,0.1048517997842282
asthma_v2_copd_P41COPDPr_321.wav,False,0.029989700065925717,0.035058700013905764,0.020704400027170777,0.0016713999211788177,0.009933199966326356,0.046291000209748745,0.0667198000010103,0.07498160004615784,0.09698510030284524
asthma_v2_asthma_P27WheezingIU_134.wav,False,0.024101899936795235,0.04117330000735819,0.01719229994341731,0.0018438000697642565,0.0144185998942703,0.008695399854332209,0.06711900001391768,0.07969379983842373,0.049989599734544754
asthma_v2_copd_P17COPDPr_131.wav,False,0.039971600053831935,0.04013179987668991,0.016678200103342533,0.001729500014334917,0.03675550012849271,0.02465400006622076,0.08183289994485676,0.11685890005901456,0.08130380022339523
asthma_v2_pneumonia_P7Pneumonia76F.wav,False,0.05049299984239042,0.039830900030210614,0.02140600001439452,0.001548500033095479,0.019624799955636263,0.01610400015488267,0.09187239990569651,0.1099486998282373,0.08800300001166761
asthma_v2_pneumonia_P20Pneumonia37V.wav,False,0.03498560003936291,0.03710140008479357,0.028552099829539657,0.0013737999834120274,0.017953700153157115,0.030638100113719702,0.0734608001075685,0.09004070027731359,0.09417579998262227
asthma_v2_copd_P36COPDPr_281.wav,False,0.04518770007416606,0.0673857000656426,0.043450199998915195,0.007776900194585323,0.021590600023046136,0.02914510015398264,0.12035030033439398,0.1341640001628548,0.1177830002270639
asthma_v2_asthma_P15WheezingRL_75.wav,False,0.02950179995968938,0.04158270009793341,0.01343809999525547,0.0013886999804526567,0.012456400087103248,0.012456899974495173,0.07247320003807545,0.08354090014472604,0.05539679992944002
asthma_v2_healthy_P6Healthy71S.wav,False,0.03614629991352558,0.03286950010806322,0.02002789988182485,0.0017244999762624502,0.011931899935007095,0.012699200073257089,0.07074029999785125,0.0809476999565959,0.06887339986860752
asthma_v2_asthma_P15WheezingIU_74.wav,False,0.025123699801042676,0.039881099946796894,0.02075259992852807,0.002202400006353855,0.016082700109109282,0.016395799815654755,0.06720719975419343,0.08108749985694885,0.0622720995452255
asthma_v2_Bronchial_P18BronchialTc_87.wav,False,0.026149899931624532,0.038566899951547384,0.023812900064513087,0.0022040000185370445,0.01863170019350946,0.008828999940305948,0.06692079990170896,0.08334850007668138,0.05879179993644357
asthma_v2_asthma_P39WheezingRL_191.wav,False,0.027525300160050392,0.03620420000515878,0.01906359987333417,0.0019299001432955265,0.01707440009340644,0.013939399970695376,0.0656594003085047,0.08080390025861561,0.06052830000407994
asthma_v2_healthy_P3Healthy84S.wav,False,0.033277499955147505,0.023515500128269196,0.01652890001423657,0.002496599918231368,0.013579200021922588,0.015639199875295162,0.05928960000164807,0.07037220010533929,0.06544559984467924
asthma_v2_pneumonia_P29Pneumonia24X.wav,False,0.03165009990334511,0.03978140000253916,0.011184300063177943,0.002329000039026141,0.017773800063878298,0.008244900032877922,0.07376049994491041,0.08920529996976256,0.05107929999940097
asthma_v2_Bronchial_P11BronchialSc_54.wav,False,0.038646399974823,0.04054870014078915,0.01631499989889562,0.0016984001267701387,0.011868800036609173,0.00971479993313551,0.08089350024238229,0.09106390015222132,0.06467619980685413
asthma_v2_copd_P45COPDPr_353.wav,False,0.03492760006338358,0.041590699926018715,0.012812299886718392,0.002087799832224846,0.02138829999603331,0.01600730000063777,0.07860609982162714,0.0979065999854356,0.06374719995073974
asthma_v2_healthy_P10Healthy61S.wav,False,0.02949610003270209,0.02949290000833571,0.01553729991428554,0.00171849993057549,0.01903219986706972,0.009831500006839633,0.06070749997161329,0.07802119990810752,0.05486489995382726
asthma_v2_asthma_P49WheezingIU_242.wav,False,0.030157400062307715,0.03360680001787841,0.014801000012084842,0.002357299905270338,0.01788989990018308,0.010886400006711483,0.06612149998545647,0.08165409998036921,0.05584480008110404
asthma_v2_pneumonia_P13Pneumonia20R.wav,False,0.029679000144824386,0.039128199918195605,0.01835170015692711,0.0017241998575627804,0.018168700160458684,0.010086999973282218,0.07053139992058277,0.08697590022347867,0.05811770027503371
asthma_v2_pneumonia_P1Pneumonia97M.wav,False,0.030668799998238683,0.036724799778312445,0.015971899963915348,0.0018815998919308186,0.018093900056555867,0.009202899876981974,0.06927519966848195,0.085487499833107,0.055843599839136004
asthma_v2_Bronchial_P11BronchialSc_52.wav,False,0.01129409996792674,0.035249299835413694,0.01709230011329055,0.0020178998820483685,0.015722200041636825,0.008503299904987216,0.048561299685388803,0.06226559984497726,0.036889699986204505
asthma_v2_healthy_P6Healthy21S.wav,False,0.04131739982403815,0.038840699940919876,0.018255099887028337,0.0030310999136418104,0.023232199950143695,0.009545099921524525,0.08318919967859983,0.10339029971510172,0.06911759963259101
asthma_v2_pneumonia_P40Pneumonia18H.wav,False,0.026247099973261356,0.04926909995265305,0.032759500201791525,0.0018191998824477196,0.01927099982276559,0.0120833998080343,0.07733539980836213,0.09478719974868,0.07108999998308718
asthma_v2_asthma_P34WheezingIE_169.wav,False,0.032656699884682894,0.056375900050625205,0.027980499900877476,0.003176199970766902,0.05900289979763329,0.013418100075796247,0.092208799906075,0.1480354997329414,0.07405529986135662
asthma_v2_copd_P41COPDPr_323.wav,False,0.033711700001731515,0.03037979989312589,0.021897600032389164,0.002678800141438842,0.015507800038903952,0.007250900147482753,0.06677030003629625,0.07959929993376136,0.06286020018160343
asthma_v2_healthy_P3Healthy49S.wav,False,0.031354600097984076,0.036426500184461474,0.016483699902892113,0.001959800021722913,0.017675200011581182,0.011470400029793382,0.06974090030416846,0.08545630029402673,0.05930870003066957
asthma_v2_copd_P6COPDMc_44.wav,False,0.02718030009418726,0.04474599985405803,0.016688699834048748,0.006688300054520369,0.01888879993930459,0.008161799982190132,0.07861460000276566,0.09081509988754988,0.05203079991042614
asthma_v2_copd_P41COPDMc_328.wav,False,0.021796199958771467,0.038295699981972575,0.012695800047367811,0.0019501999486237764,0.02288080006837845,0.011894800001755357,0.06204209988936782,0.08297270000912249,0.046386800007894635
asthma_v2_copd_P23COPDMc_184.wav,False,0.033611300168558955,0.04429539991542697,0.01792930020019412,0.0021630998235195875,0.017202300019562244,0.01026200014166534,0.08006979990750551,0.09510900010354817,0.061802600510418415
asthma_v2_pneumonia_P6Pneumonia37H.wav,False,0.030853700125589967,0.035425599897280335,0.024282600032165647,0.0017394002061337233,0.01965199992991984,0.014005000004544854,0.06801870022900403,0.08593129995279014,0.06914130016230047
asthma_v2_pneumonia_P47Pneumonia14M.wav,False,0.09551699995063245,0.05860040010884404,0.043262300081551075,0.009726600022986531,0.02057479997165501,0.007313300156965852,0.16384400008246303,0.1746922000311315,0.14609260018914938
asthma_v2_asthma_P39WheezingIU_194.wav,False,0.027570400154218078,0.04998889984562993,0.027157900156453252,0.0036913000512868166,0.030186699936166406,0.008526100078597665,0.08125060005113482,0.10774599993601441,0.063254400389269
asthma_v2_pneumonia_P27Pneumonia28K.wav,False,0.05526839988306165,0.037715200101956725,0.01654469990171492,0.001920199953019619,0.023227299796417356,0.02004470000974834,0.09490379993803799,0.11621089978143573,0.09185779979452491
