config,protocol,runs,macro_recall_mean,macro_recall_sd,macro_f1_mean,accuracy_mean,recall_asthma_mean,recall_bronchial_mean,recall_copd_mean,recall_healthy_mean,recall_pneumonia_mean
A1,clip,25,0.8533849599438226,0.025696163128459598,0.8482070857587516,0.8606217052681698,0.8647186932849366,0.8025714285714285,0.9147283950617284,0.9024501424501424,0.7824561403508771
A1,grouped,25,0.7768720478686508,0.039359686012106126,0.7693198642325637,0.7993872329979034,0.8589965893645138,0.6900431077694236,0.8642986678043755,0.7679017002321351,0.7031201741728057
A2,clip,25,0.872694821689256,0.025318747391326064,0.8809544441446223,0.8872189912593953,0.8730429522081065,0.8484761904761905,0.9510987654320988,0.8452421652421652,0.8456140350877193
A2,grouped,25,0.7664537084618918,0.04734320747352408,0.7719228150892506,0.801820224844179,0.8351280589431533,0.7064902255639097,0.9031638915794167,0.6565816676077546,0.7309046986152249
A3,clip,25,0.8578737956493552,0.0257965826712762,0.855030178415148,0.8670632248410025,0.8536600120992135,0.8102857142857143,0.9351728395061728,0.8993732193732193,0.7908771929824562
A3,grouped,25,0.777916936731382,0.043873490052502705,0.7724516646754093,0.8022531022158619,0.8341326149741244,0.7134536340852131,0.8833568562335685,0.7414358240793024,0.7172057542847017
A4,clip,25,0.8623555217004097,0.02585185194109771,0.875091869423814,0.8799517056082712,0.8654083484573504,0.8236190476190477,0.9525987654320986,0.8364672364672364,0.8336842105263158
A4,grouped,25,0.764097218480649,0.048670554951855766,0.7762259256322472,0.7985778250982654,0.8290044603195547,0.6824912280701754,0.9010444321448888,0.6849557437731351,0.7229902280954913
A5,clip,25,0.8585812766270722,0.027384130411030386,0.8562894147424005,0.8695398428731762,0.8543496672716273,0.8083809523809523,0.9356728395061729,0.8888888888888888,0.8056140350877193
A5,grouped,25,0.7739855939274797,0.04710545062490182,0.770053297298782,0.8008182146153234,0.8312548149963245,0.6885764411027568,0.8821136248328029,0.7442929669364452,0.7236901217690691
A6,clip,25,0.8646596186654867,0.02798231403248355,0.8738823595251951,0.879946263986668,0.8542649727767695,0.8464761904761905,0.9515987654320988,0.8302564102564102,0.840701754385965
A6,grouped,25,0.7625351574672773,0.040038904193466264,0.7686650525047314,0.7952085656836233,0.814857078351418,0.7000912280701754,0.8941730432175637,0.6747277244494636,0.7288267132477658
B0,clip,25,0.38197217180883236,0.00782600290502396,0.1957413695130318,0.3261762405196748,0.9098608590441621,0.0,0.0,1.0,0.0
B0,grouped,25,0.38185779637553224,0.012529618334514712,0.19539736122067355,0.32597034799140656,0.909288981877661,0.0,0.0,1.0,0.0
B1,clip,25,0.3177472484876598,0.030629588038385766,0.27058161167666855,0.34004353297282586,0.8771808832425892,0.15257142857142852,0.15610493827160493,0.22393162393162389,0.17894736842105258
B1,grouped,25,0.3126517621385897,0.030891290056956247,0.2612245866426928,0.33553816450559326,0.8767710836333478,0.14402105263157894,0.1522455260366219,0.21671404730535165,0.17350710108604844
B2_C2,clip,25,0.8544630856293893,0.0244167609058762,0.849748829140869,0.8601244770941741,0.8758620689655173,0.8101904761904761,0.9117839506172839,0.9053561253561254,0.7691228070175439
B2_C2,grouped,25,0.7775363559836873,0.032121129908502695,0.7691896150506601,0.7984697657161905,0.8608368218783313,0.7087869674185464,0.8607430430638193,0.7596270029487421,0.6976879446089973
B2_C5,clip,25,0.862562593978807,0.025867139447817006,0.8759520458544761,0.8842417440397239,0.8939503932244405,0.7852380952380952,0.9441358024691359,0.843874643874644,0.8456140350877193
B2_C5,grouped,25,0.7645980402621413,0.04639593456412207,0.7743860786577836,0.8020487131975358,0.844980628595723,0.6637754385964912,0.8971732892086773,0.6816293368467282,0.735431508063087
C1,clip,25,0.5424715868904011,0.0225642948340882,0.5351351196364632,0.5777015950753325,0.7418511796733211,0.6118095238095238,0.5969938271604939,0.22415954415954414,0.5375438596491228
C1,grouped,25,0.5103127710888207,0.052725754585772826,0.5024713808432195,0.5617918711190927,0.7200033413127752,0.48454135338345866,0.5974007310548406,0.2141512516469038,0.5354671780461254
C2,clip,25,0.8541953918837767,0.024835660607862953,0.849164419752829,0.8594660408801823,0.8619721718088325,0.8062857142857144,0.9122407407407407,0.912934472934473,0.7775438596491228
C2,grouped,25,0.7790450025581118,0.03385761683585126,0.7700050364754674,0.7983045429990576,0.8531722026401272,0.7090536340852132,0.8618199921590333,0.7736466277683669,0.6975325561378193
C3,clip,25,0.8451741591182003,0.03110319759286369,0.8384030640700695,0.8503812536135769,0.8480338777979433,0.791047619047619,0.9146975308641976,0.9205128205128206,0.7515789473684211
C3,grouped,25,0.7705704046240084,0.03960218366863446,0.7593026374473137,0.7866202469166034,0.8410069416956208,0.7009203007518796,0.8465904709192381,0.7797689190037016,0.6845653907496013
C4,clip,25,0.8703463024394664,0.023736639131790017,0.8823078330880043,0.8849015406591164,0.8806654567453116,0.8159047619047619,0.9480987654320988,0.8782905982905983,0.8287719298245614
C4,grouped,25,0.766709853888579,0.04782000668141886,0.7762453951146021,0.8014772280286335,0.84701915066066,0.6918245614035088,0.8931845087096228,0.6734590375807766,0.7280620110883268
C5,clip,25,0.8636456124839065,0.027727368246347608,0.8763192271609374,0.8832581709349386,0.8821657592256503,0.7946666666666666,0.9486111111111112,0.8541880341880342,0.8385964912280701
C5,grouped,25,0.7659093948854693,0.047443925677495176,0.7779430852453396,0.8042157045875661,0.8441870272285367,0.6802045112781954,0.9064380909552142,0.6697551414768806,0.7289622034885193
C8,clip,25,0.800011154002503,0.02694870477359787,0.7980882557179715,0.8151923273135394,0.8382214156079855,0.7467619047619047,0.8848580246913581,0.8074074074074074,0.7228070175438596
C8,grouped,25,0.7418844321055192,0.05056816502661993,0.7359908614713411,0.7661392355804786,0.8278107016673054,0.6548992481203006,0.8455059460664484,0.733510358240793,0.6476959064327485
